Orthogroup,value
Genes.1,H_sapiens_pep_ENSG00000177189.14
Genes.1,P_Mucros_pep_XP_015680878.1
Genes.1,M_musculus_pep_ENSMUSG00000023809.10
Genes.1,M_musculus_pep_ENSMUSG00000023809.10
Genes.1,N_naja_pep_Nana01675-RA
Genes.1,H_sapiens_pep_ENSG00000117676.14
Genes.1,N_naja_pep_Nana32194-RC
Genes.1,N_naja_pep_Nana32194-RC
Genes.1,M_musculus_pep_ENSMUSG00000025665.16
Genes.1,C_familiaris_pep_ENSCAFG00000002129.5
Genes.1,N_naja_pep_Nana21626-RB
Genes.1,A_carolinensis_pep_ENSACAG00000005384.3
Genes.1,N_naja_pep_Nana23253-RA
Genes.1,P_Mucros_pep_XP_015683353.1
Genes.1,P_Mucros_pep_XP_015683353.1
Genes.1,P_Mucros_pep_XP_015683349.1
Genes.1,N_naja_pep_Nana03410-RA
Genes.1,X_tropicalis_pep_ENSXETG00000009907.1
Genes.1,X_tropicalis_pep_ENSXETG00000009907.1
Genes.1,P_Mucros_pep_XP_015679486.1
Genes.1,C_familiaris_pep_ENSCAFG00000047569.1
Genes.1,P_Mucros_pep_XP_015682140.1
Genes.1,P_Mucros_pep_XP_015680999.1
Genes.1,P_Mucros_pep_XP_015680930.1
Genes.1,P_Mucros_pep_XP_029140248.1
Genes.1,P_Mucros_pep_XP_015672812.1
Genes.1,X_tropicalis_pep_ENSXETG00000015187.1
Genes.1,H_sapiens_pep_ENSG00000105649.10
Genes.1,M_musculus_pep_ENSMUSG00000031840.12
Genes.1,P_Mucros_pep_XP_015670630.1
Genes.1,P_Mucros_pep_XP_015666407.1
Genes.1,P_Mucros_pep_XP_015668788.1
Genes.1,H_sapiens_pep_ENSG00000138814.17
Genes.1,P_Mucros_pep_XP_015683811.1
Genes.1,P_Mucros_pep_XP_015683811.1
Genes.1,P_Mucros_pep_XP_015683811.1
Genes.1,P_Mucros_pep_XP_015683825.1
Genes.1,G_gallus_pep_ENSGALG00000005243.6
Genes.1,N_naja_pep_Nana28247-RA
Genes.1,N_naja_pep_Nana28247-RA
Genes.1,N_naja_pep_Nana28247-RE
Genes.1,N_naja_pep_Nana28247-RE
Genes.1,A_carolinensis_pep_ENSACAG00000000017.3
Genes.1,P_Mucros_pep_XP_015666225.1
Genes.1,M_musculus_pep_ENSMUSG00000000711.3
Genes.1,P_Mucros_pep_XP_015671801.1
Genes.1,P_Mucros_pep_XP_015671802.1
Genes.1,N_naja_pep_Nana23150-RA
Genes.1,N_naja_pep_Nana16409-RA
Genes.1,P_Mucros_pep_XP_015673116.1
Genes.1,N_naja_pep_Nana13337-RA
Genes.1,P_Mucros_pep_XP_015670302.1
Genes.1,P_Mucros_pep_XP_015670302.1
Genes.1,P_troglodytes_pep_ENSPTRG00000012432.6
Genes.1,G_gallus_pep_ENSGALG00000001995.6
Genes.1,G_gallus_pep_ENSGALG00000001995.6
Genes.1,G_gallus_pep_ENSGALG00000001995.6
Genes.1,G_gallus_pep_ENSGALG00000053379.1
Genes.1,N_naja_pep_Nana26170-RC
Genes.1,N_naja_pep_Nana26170-RC
Genes.1,P_Mucros_pep_XP_015675311.1
Genes.1,P_troglodytes_pep_ENSPTRG00000012342.6
Genes.1,H_sapiens_pep_ENSG00000169756.16
Genes.1,H_sapiens_pep_ENSG00000257207.5
Genes.1,H_sapiens_pep_ENSG00000256671.6
Genes.1,H_sapiens_pep_ENSG00000079805.16
Genes.1,P_Mucros_pep_XP_015683022.1
Genes.1,P_troglodytes_pep_ENSPTRG00000051673.1
Genes.1,C_familiaris_pep_ENSCAFG00000004069.5
Genes.1,P_Mucros_pep_XP_015669007.1
Genes.1,P_Mucros_pep_XP_015669005.1
Genes.1,N_naja_pep_Nana33979-RE
Genes.1,N_naja_pep_Nana33979-RE
Genes.1,N_naja_pep_Nana33979-RE
Genes.1,N_naja_pep_Nana33979-RA
Genes.1,P_troglodytes_pep_ENSPTRG00000003457.5
Genes.1,M_musculus_pep_ENSMUSG00000003872.9
Genes.1,P_Mucros_pep_XP_015677690.2
Genes.1,N_naja_pep_Nana01393-RA
Genes.1,N_naja_pep_Nana01393-RD
Genes.1,N_naja_pep_Nana01393-RD
Genes.1,P_Mucros_pep_XP_015673452.1
Genes.1,P_Mucros_pep_XP_015673445.1
Genes.1,G_gallus_pep_ENSGALG00000012462.7
Genes.1,P_Mucros_pep_XP_015677540.1
Genes.1,P_Mucros_pep_XP_015677540.1
Genes.1,P_Mucros_pep_XP_015667512.1
Genes.1,P_troglodytes_pep_ENSPTRG00000044981.1
Genes.1,P_troglodytes_pep_ENSPTRG00000022405.6
Genes.1,P_troglodytes_pep_ENSPTRG00000043055.1
Genes.1,P_Mucros_pep_XP_015670598.1
Genes.1,P_troglodytes_pep_ENSPTRG00000048840.1
Genes.1,H_sapiens_pep_ENSG00000273554.4
Genes.1,N_naja_pep_Nana14320-RA
Genes.1,P_Mucros_pep_XP_015670091.1
Genes.1,N_naja_pep_Nana27858-RB
Genes.1,A_carolinensis_pep_ENSACAG00000002279.3
Genes.1,A_carolinensis_pep_ENSACAG00000002279.3
Genes.1,N_naja_pep_Nana04583-RA
Genes.1,P_Mucros_pep_XP_015675535.1
Genes.1,P_Mucros_pep_XP_015675534.1
Genes.1,N_naja_pep_Nana23010-RA
Genes.1,N_naja_pep_Nana23010-RA
Genes.1,P_troglodytes_pep_ENSPTRG00000019371.5
Genes.1,H_sapiens_pep_ENSG00000101310.17
Genes.1,N_naja_pep_Nana15512-RA
Genes.1,P_Mucros_pep_XP_015668009.1
Genes.1,P_Mucros_pep_XP_015680778.1
Genes.1,H_sapiens_pep_ENSG00000171097.14
Genes.1,H_sapiens_pep_ENSG00000171097.14
Genes.1,P_Mucros_pep_XP_015684174.1
Genes.1,P_Mucros_pep_XP_015683055.1
Genes.1,P_Mucros_pep_XP_015683056.1
Genes.1,N_naja_pep_Nana14843-RB
Genes.1,P_Mucros_pep_XP_015679746.1
Genes.1,P_Mucros_pep_XP_015679746.1
Genes.1,H_sapiens_pep_ENSG00000100889.12
Genes.1,H_sapiens_pep_ENSG00000100889.12
Genes.1,P_Mucros_pep_XP_015677722.1
Genes.1,P_troglodytes_pep_ENSPTRG00000021263.7
Genes.1,N_naja_pep_Nana06106-RC
Genes.1,N_naja_pep_Nana06106-RC
Genes.1,N_naja_pep_Nana06106-RB
Genes.1,G_gallus_pep_ENSGALG00000038495.2
Genes.1,P_Mucros_pep_XP_015675740.1
Genes.1,C_familiaris_pep_ENSCAFG00000004144.4
Genes.1,P_troglodytes_pep_ENSPTRG00000044899.1
Genes.1,P_troglodytes_pep_ENSPTRG00000044899.1
Genes.1,P_troglodytes_pep_ENSPTRG00000044248.1
Genes.1,C_familiaris_pep_ENSCAFG00000003953.5
Genes.1,P_troglodytes_pep_ENSPTRG00000019766.4
Genes.1,N_naja_pep_Nana10748-RC
Genes.1,P_troglodytes_pep_ENSPTRG00000039522.2
Genes.1,P_Mucros_pep_XP_015674225.1
Genes.1,P_Mucros_pep_XP_015674225.1
Genes.1,N_naja_pep_Nana31573-RA
Genes.1,N_naja_pep_Nana31573-RD
Genes.1,N_naja_pep_Nana31573-RE
Genes.1,H_sapiens_pep_ENSG00000269897.5
Genes.1,P_Mucros_pep_XP_015667045.1
Genes.1,P_Mucros_pep_XP_015667045.1
Genes.1,P_Mucros_pep_XP_015667045.1
Genes.1,P_Mucros_pep_XP_015667048.1
Genes.1,N_naja_pep_Nana21551-RA
Genes.1,N_naja_pep_Nana21551-RC
Genes.1,C_familiaris_pep_ENSCAFG00000020225.5
Genes.1,C_familiaris_pep_ENSCAFG00000031160.2
Genes.1,P_Mucros_pep_XP_015671781.1
Genes.1,G_gallus_pep_ENSGALG00000021092.6
Genes.1,X_tropicalis_pep_ENSXETG00000004657.1
Genes.1,X_tropicalis_pep_ENSXETG00000004657.1
Genes.1,X_tropicalis_pep_ENSXETG00000004657.1
Genes.1,X_tropicalis_pep_ENSXETG00000004411.1
Genes.1,P_Mucros_pep_XP_015673583.1
Genes.1,P_Mucros_pep_XP_015673583.1
Genes.1,P_Mucros_pep_XP_015673583.1
Genes.1,N_naja_pep_Nana19241-RD
Genes.1,N_naja_pep_Nana19241-RD
Genes.1,N_naja_pep_Nana19241-RD
Genes.1,N_naja_pep_Nana19241-RA
Genes.1,N_naja_pep_Nana32106-RD
Genes.1,N_naja_pep_Nana32106-RB
Genes.1,N_naja_pep_Nana32106-RC
Genes.1,P_Mucros_pep_XP_015687889.1
Genes.1,M_musculus_pep_ENSMUSG00000087119.4
Genes.1,M_musculus_pep_ENSMUSG00000079418.3
Genes.1,N_naja_pep_Nana09074-RB
Genes.1,P_Mucros_pep_XP_015666649.1
Genes.1,P_Mucros_pep_XP_015666649.1
Genes.1,P_Mucros_pep_XP_015666650.1
Genes.1,N_naja_pep_Nana28032-RB
Genes.1,N_naja_pep_Nana28032-RC
Genes.1,P_Mucros_pep_XP_015677022.1
Genes.1,P_Mucros_pep_XP_015677022.1
Genes.1,P_Mucros_pep_XP_015677022.1
Genes.1,N_naja_pep_Nana08733-RA
Genes.1,P_troglodytes_pep_ENSPTRG00000047372.1
Genes.1,P_troglodytes_pep_ENSPTRG00000049306.1
Genes.1,P_troglodytes_pep_ENSPTRG00000020298.4
Genes.1,P_Mucros_pep_XP_015673106.1
Genes.1,P_Mucros_pep_XP_015673108.1
Genes.1,P_Mucros_pep_XP_015673112.1
Genes.1,P_Mucros_pep_XP_015673109.1
Genes.1,P_Mucros_pep_XP_015673111.1
Genes.1,X_tropicalis_pep_ENSXETG00000014070.1
Genes.1,P_Mucros_pep_XP_015665506.1
Genes.1,P_Mucros_pep_XP_015669582.1
Genes.1,P_Mucros_pep_XP_015676171.1
Genes.1,X_tropicalis_pep_ENSXETG00000016566.1
Genes.1,X_tropicalis_pep_ENSXETG00000016577.1
Genes.1,P_Mucros_pep_XP_015670976.1
Genes.1,M_musculus_pep_ENSMUSG00000024317.15
Genes.1,N_naja_pep_Nana16255-RA
Genes.1,N_naja_pep_Nana16255-RB
Genes.1,P_Mucros_pep_XP_015677421.1
Genes.1,P_Mucros_pep_XP_015677420.1
Genes.1,N_naja_pep_Nana19813-RB
Genes.1,P_Mucros_pep_XP_015675264.1
Genes.1,P_Mucros_pep_XP_015675265.1
Genes.1,X_tropicalis_pep_ENSXETG00000009825.1
Genes.1,P_Mucros_pep_XP_015666801.1
Genes.1,P_Mucros_pep_XP_015666801.1
Genes.1,P_Mucros_pep_XP_015666800.1
Genes.1,P_Mucros_pep_XP_015666803.1
Genes.1,N_naja_pep_Nana14411-RA
Genes.1,P_troglodytes_pep_ENSPTRG00000015930.6
Genes.1,N_naja_pep_Nana24527-RA
Genes.1,P_Mucros_pep_XP_015670231.1
Genes.1,H_sapiens_pep_ENSG00000160214.13
Genes.1,N_naja_pep_Nana03695-RD
Genes.1,N_naja_pep_Nana03695-RD
Genes.1,N_naja_pep_Nana03695-RG
Genes.1,N_naja_pep_Nana03695-RG
Genes.1,N_naja_pep_Nana03695-RG
Genes.1,N_naja_pep_Nana03695-RE
Genes.1,X_tropicalis_pep_ENSXETG00000004131.1
Genes.1,N_naja_pep_Nana09479-RA
Genes.1,P_Mucros_pep_XP_015675193.1
Genes.1,P_Mucros_pep_XP_015675191.1
Genes.1,P_Mucros_pep_XP_015675192.1
Genes.1,P_Mucros_pep_XP_015675192.1
Genes.1,N_naja_pep_Nana04049-RE
Genes.1,N_naja_pep_Nana04049-RE
Genes.1,N_naja_pep_Nana04049-RH
Genes.1,N_naja_pep_Nana04049-RH
Genes.1,N_naja_pep_Nana04049-RB
Genes.1,N_naja_pep_Nana04049-RI
Genes.1,P_Mucros_pep_XP_015681490.1
Genes.1,H_sapiens_pep_ENSG00000282130.1
Genes.1,H_sapiens_pep_ENSG00000282130.1
Genes.1,N_naja_pep_Nana10608-RB
Genes.1,P_Mucros_pep_XP_015670427.1
Genes.1,P_Mucros_pep_XP_015670426.1
Genes.1,N_naja_pep_Nana19932-RD
Genes.1,N_naja_pep_Nana19932-RC
Genes.1,N_naja_pep_Nana19932-RC
Genes.1,P_Mucros_pep_XP_015678938.1
Genes.1,P_Mucros_pep_XP_015678938.1
Genes.1,P_Mucros_pep_XP_015677144.1
Genes.1,P_Mucros_pep_XP_015677144.1
Genes.1,H_sapiens_pep_ENSG00000076554.15
Genes.1,N_naja_pep_Nana16513-RD
Genes.1,N_naja_pep_Nana16513-RD
Genes.1,P_Mucros_pep_XP_015687544.1
Genes.1,N_naja_pep_Nana16417-RD
Genes.1,N_naja_pep_Nana16417-RD
Genes.1,N_naja_pep_Nana16417-RD
Genes.1,P_Mucros_pep_XP_015679898.1
Genes.1,P_Mucros_pep_XP_015679898.1
Genes.1,N_naja_pep_Nana15115-RC
Genes.1,N_naja_pep_Nana15115-RC
Genes.1,P_Mucros_pep_XP_015668607.1
Genes.1,P_Mucros_pep_XP_015668607.1
Genes.1,P_Mucros_pep_XP_015668607.1
Genes.1,N_naja_pep_Nana11195-RB
Genes.1,N_naja_pep_Nana11195-RB
Genes.1,P_Mucros_pep_XP_015669305.1
Genes.1,P_Mucros_pep_XP_015669305.1
Genes.1,P_Mucros_pep_XP_015669307.1
Genes.1,N_naja_pep_Nana19733-RD
Genes.1,N_naja_pep_Nana19733-RD
Genes.1,N_naja_pep_Nana19733-RD
Genes.1,P_Mucros_pep_XP_015673602.1
Genes.1,P_Mucros_pep_XP_015673602.1
Genes.1,N_naja_pep_Nana26805-RD
Genes.1,N_naja_pep_Nana26805-RD
Genes.1,P_troglodytes_pep_ENSPTRG00000046749.1
Genes.1,P_troglodytes_pep_ENSPTRG00000046749.1
Genes.1,P_Mucros_pep_XP_015680834.1
Genes.1,P_Mucros_pep_XP_015680834.1
Genes.1,P_Mucros_pep_XP_015680834.1
Genes.1,N_naja_pep_Nana25852-RA
Genes.1,N_naja_pep_Nana25852-RA
Genes.1,P_troglodytes_pep_ENSPTRG00000050876.1
Genes.1,P_troglodytes_pep_ENSPTRG00000050876.1
Genes.1,P_troglodytes_pep_ENSPTRG00000050876.1
Genes.1,P_troglodytes_pep_ENSPTRG00000048049.1
Genes.1,P_Mucros_pep_XP_015669611.1
Genes.1,N_naja_pep_Nana18210-RA
Genes.1,P_Mucros_pep_XP_015687294.1
Genes.1,C_familiaris_pep_ENSCAFG00000010782.2
Genes.1,P_troglodytes_pep_ENSPTRG00000016632.6
Genes.1,P_troglodytes_pep_ENSPTRG00000049835.1
Genes.1,N_naja_pep_Nana05408-RA
Genes.1,N_naja_pep_Nana05408-RA
Genes.1,N_naja_pep_Nana05408-RA
Genes.1,N_naja_pep_Nana05408-RA
Genes.1,P_Mucros_pep_XP_015668103.1
Genes.1,P_Mucros_pep_XP_015675356.1
Genes.1,P_Mucros_pep_XP_015675356.1
Genes.1,P_Mucros_pep_XP_015675360.1
Genes.1,N_naja_pep_Nana07918-RC
Genes.1,N_naja_pep_Nana07918-RB
Genes.1,P_Mucros_pep_XP_015676466.1
Genes.1,P_Mucros_pep_XP_015676466.1
Genes.1,P_Mucros_pep_XP_015676466.1
Genes.1,N_naja_pep_Nana03234-RA
Genes.1,P_Mucros_pep_XP_015675456.1
Genes.1,P_Mucros_pep_XP_015675457.1
Genes.1,P_Mucros_pep_XP_029140691.1
Genes.1,P_Mucros_pep_XP_029140690.1
Genes.1,N_naja_pep_Nana16406-RB
Genes.1,N_naja_pep_Nana16406-RB
Genes.1,N_naja_pep_Nana16406-RD
Genes.1,P_Mucros_pep_XP_015673105.1
Genes.1,P_Mucros_pep_XP_015676944.1
Genes.1,P_Mucros_pep_XP_015676944.1
Genes.1,P_Mucros_pep_XP_015676942.1
Genes.1,N_naja_pep_Nana28562-RA
Genes.1,H_sapiens_pep_ENSG00000281484.2
Genes.1,P_Mucros_pep_XP_015677897.1
Genes.1,X_tropicalis_pep_ENSXETG00000008432.1
Genes.1,X_tropicalis_pep_ENSXETG00000008461.1
Genes.1,N_naja_pep_Nana31568-RA
Genes.1,P_Mucros_pep_XP_015674229.1
Genes.1,P_Mucros_pep_XP_015674229.1
Genes.1,P_Mucros_pep_XP_029140475.1
Genes.1,X_tropicalis_pep_ENSXETG00000016833.1
Genes.1,P_Mucros_pep_XP_015673275.1
Genes.1,N_naja_pep_Nana14129-RA
Genes.1,P_Mucros_pep_XP_015673480.1
Genes.1,P_Mucros_pep_XP_015673480.1
Genes.1,P_Mucros_pep_XP_015673481.1
Genes.1,N_naja_pep_Nana13895-RA
Genes.1,P_Mucros_pep_XP_015682827.1
Genes.1,P_Mucros_pep_XP_015675065.1
Genes.1,H_sapiens_pep_ENSG00000262911.5
Genes.1,P_troglodytes_pep_ENSPTRG00000013870.6
Genes.1,C_familiaris_pep_ENSCAFG00000045160.1
Genes.1,N_naja_pep_Nana05729-RB
Genes.1,P_Mucros_pep_XP_015685612.1
Genes.1,P_Mucros_pep_XP_015685612.1
Genes.1,P_Mucros_pep_XP_015685612.1
Genes.1,N_naja_pep_Nana10941-RA
Genes.1,N_naja_pep_Nana10940-RA
Genes.1,N_naja_pep_Nana10940-RB
Genes.1,P_Mucros_pep_XP_015680312.1
Genes.1,P_Mucros_pep_XP_015680312.1
Genes.1,P_Mucros_pep_XP_015680312.1
Genes.1,P_Mucros_pep_XP_015680310.1
Genes.1,N_naja_pep_Nana02795-RA
Genes.1,N_naja_pep_Nana02794-RA
Genes.1,P_Mucros_pep_XP_015666548.1
Genes.1,P_Mucros_pep_XP_015666563.1
Genes.1,P_Mucros_pep_XP_015681385.1
Genes.1,P_Mucros_pep_XP_015681385.1
Genes.1,P_Mucros_pep_XP_015681399.1
Genes.1,H_sapiens_pep_ENSG00000284260.2
Genes.1,N_naja_pep_Nana08626-RE
Genes.1,N_naja_pep_Nana08626-RG
Genes.1,N_naja_pep_Nana08626-RG
Genes.1,P_Mucros_pep_XP_015674903.1
Genes.1,N_naja_pep_Nana02308-RB
Genes.1,P_Mucros_pep_XP_015676559.1
Genes.1,P_Mucros_pep_XP_015676559.1
Genes.1,P_Mucros_pep_XP_015676556.1
Genes.1,P_Mucros_pep_XP_015675662.1
Genes.1,P_Mucros_pep_XP_015675661.1
Genes.1,P_Mucros_pep_XP_015675660.1
Genes.1,P_Mucros_pep_XP_015675659.1
Genes.1,P_Mucros_pep_XP_015665445.1
Genes.1,P_Mucros_pep_XP_015665445.1
Genes.1,P_Mucros_pep_XP_015665443.1
Genes.1,N_naja_pep_Nana05991-RB
Genes.1,N_naja_pep_Nana05991-RA
Genes.1,P_Mucros_pep_XP_015675895.1
Genes.1,N_naja_pep_Nana05669-RB
Genes.1,N_naja_pep_Nana05669-RB
Genes.1,N_naja_pep_Nana04786-RB
Genes.1,P_Mucros_pep_XP_015673887.1
Genes.1,P_Mucros_pep_XP_015673886.1
Genes.1,P_troglodytes_pep_ENSPTRG00000043068.1
Genes.1,P_Mucros_pep_XP_015678983.1
Genes.1,P_Mucros_pep_XP_015678983.1
Genes.1,P_Mucros_pep_XP_015681747.1
Genes.1,P_Mucros_pep_XP_015681747.1
Genes.1,P_Mucros_pep_XP_015681751.1
Genes.1,P_Mucros_pep_XP_015681751.1
Genes.1,P_Mucros_pep_XP_015673632.1
Genes.1,P_Mucros_pep_XP_029140361.1
Genes.1,P_Mucros_pep_XP_029140361.1
Genes.1,N_naja_pep_Nana33671-RE
Genes.1,N_naja_pep_Nana33671-RE
Genes.1,H_sapiens_pep_ENSG00000184056.14
Genes.1,P_Mucros_pep_XP_015666329.1
Genes.1,N_naja_pep_Nana15792-RA
Genes.1,N_naja_pep_Nana15792-RA
Genes.1,P_troglodytes_pep_ENSPTRG00000048644.1
Genes.1,P_troglodytes_pep_ENSPTRG00000050361.1
Genes.1,P_Mucros_pep_XP_015668803.1
Genes.1,P_Mucros_pep_XP_015668800.1
Genes.1,P_Mucros_pep_XP_015668800.1
Genes.1,P_Mucros_pep_XP_015669332.1
Genes.1,P_troglodytes_pep_ENSPTRG00000048100.1
Genes.1,P_troglodytes_pep_ENSPTRG00000048100.1
Genes.1,N_naja_pep_Nana21435-RB
Genes.1,P_Mucros_pep_XP_015666117.1
Genes.1,P_troglodytes_pep_ENSPTRG00000049382.1
Genes.1,P_Mucros_pep_XP_015675511.1
Genes.1,P_Mucros_pep_XP_029140701.1
Genes.1,P_Mucros_pep_XP_015675510.1
Genes.1,C_familiaris_pep_ENSCAFG00000014885.4
Genes.1,P_Mucros_pep_XP_015687505.1
Genes.1,P_Mucros_pep_XP_015687502.1
Genes.1,P_Mucros_pep_XP_015684398.1
Genes.1,P_Mucros_pep_XP_015684390.1
Genes.1,P_Mucros_pep_XP_015684405.1
Genes.1,P_Mucros_pep_XP_015684384.1
Genes.1,P_Mucros_pep_XP_015667075.1
Genes.1,P_troglodytes_pep_ENSPTRG00000048846.1
Genes.1,P_troglodytes_pep_ENSPTRG00000043847.1
Genes.1,N_naja_pep_Nana14944-RA
Genes.1,P_Mucros_pep_XP_015687095.1
Genes.1,P_Mucros_pep_XP_015687093.1
Genes.1,P_Mucros_pep_XP_015684788.1
Genes.1,P_Mucros_pep_XP_015684810.1
Genes.1,N_naja_pep_Nana14913-RB
Genes.1,P_troglodytes_pep_ENSPTRG00000048974.1
Genes.1,M_musculus_pep_ENSMUSG00000116378.1
Genes.1,P_Mucros_pep_XP_015672753.1
Genes.1,N_naja_pep_Nana14633-RB
Genes.1,N_naja_pep_Nana14633-RB
Genes.1,P_Mucros_pep_XP_015671018.1
Genes.1,P_Mucros_pep_XP_015669207.1
Genes.1,P_Mucros_pep_XP_015669207.1
Genes.1,N_naja_pep_Nana20032-RA
Genes.1,P_Mucros_pep_XP_015666367.1
Genes.1,N_naja_pep_Nana14535-RC
Genes.1,N_naja_pep_Nana14535-RC
Genes.1,P_Mucros_pep_XP_015678700.1
Genes.1,P_Mucros_pep_XP_015678700.1
Genes.1,P_troglodytes_pep_ENSPTRG00000050139.1
Genes.1,N_naja_pep_Nana31517-RB
Genes.1,P_Mucros_pep_XP_015674429.1
Genes.1,C_familiaris_pep_ENSCAFG00000047368.1
Genes.1,C_familiaris_pep_ENSCAFG00000047368.1
Genes.1,P_Mucros_pep_XP_015677938.1
Genes.1,P_troglodytes_pep_ENSPTRG00000049457.1
Genes.1,P_Mucros_pep_XP_015669956.1
Genes.1,G_gallus_pep_ENSGALG00000054345.1
Genes.1,P_Mucros_pep_XP_015681202.1
Genes.1,P_Mucros_pep_XP_015681200.1
Genes.1,N_naja_pep_Nana03807-RB
Genes.1,P_Mucros_pep_XP_015673982.1
Genes.1,P_Mucros_pep_XP_015673982.1
Genes.1,N_naja_pep_Nana08952-RB
Genes.1,P_Mucros_pep_XP_015675293.1
Genes.1,P_Mucros_pep_XP_015675292.1
Genes.1,P_Mucros_pep_XP_015675292.1
Genes.1,H_sapiens_pep_ENSG00000112514.16
Genes.1,N_naja_pep_Nana06892-RA
Genes.1,P_Mucros_pep_XP_015686851.1
Genes.1,N_naja_pep_Nana05358-RA
Genes.1,P_Mucros_pep_XP_015669718.1
Genes.1,P_Mucros_pep_XP_015669718.1
Genes.1,P_Mucros_pep_XP_015669721.1
Genes.1,P_Mucros_pep_XP_015671284.1
Genes.1,P_Mucros_pep_XP_015671284.1
Genes.1,P_Mucros_pep_XP_015671284.1
Genes.1,N_naja_pep_Nana34714-RC
Genes.1,N_naja_pep_Nana27071-RA
Genes.1,P_Mucros_pep_XP_015668207.1
Genes.1,P_Mucros_pep_XP_015668201.1
Genes.1,P_Mucros_pep_XP_015668214.1
Genes.1,P_Mucros_pep_XP_015666319.1
Genes.1,P_Mucros_pep_XP_015666319.1
Genes.1,M_musculus_pep_ENSMUSG00000109850.1
Genes.1,P_Mucros_pep_XP_015679599.1
Genes.1,P_Mucros_pep_XP_015668527.1
Genes.1,C_familiaris_pep_ENSCAFG00000002903.5
Genes.1,P_Mucros_pep_XP_015670046.1
Genes.1,P_Mucros_pep_XP_015675135.1
Genes.1,P_Mucros_pep_XP_015675135.1
Genes.1,P_Mucros_pep_XP_015673883.1
Genes.1,P_Mucros_pep_XP_015673882.1
Genes.1,P_Mucros_pep_XP_015665858.1
Genes.1,P_troglodytes_pep_ENSPTRG00000039707.2
Genes.1,P_Mucros_pep_XP_015666817.1
Genes.1,P_Mucros_pep_XP_015666817.1
Genes.1,P_Mucros_pep_XP_015676636.1
Genes.1,H_sapiens_pep_ENSG00000284548.3
Genes.1,N_naja_pep_Nana19913-RA
Genes.1,P_Mucros_pep_XP_015669278.1
Genes.1,P_Mucros_pep_XP_015670020.1
Genes.1,N_naja_pep_Nana18289-RB
Genes.1,P_Mucros_pep_XP_015679664.1
Genes.1,P_troglodytes_pep_ENSPTRG00000052735.1
Genes.1,N_naja_pep_Nana00684-RC
Genes.1,N_naja_pep_Nana00684-RC
Genes.1,P_Mucros_pep_XP_015670308.1
Genes.1,N_naja_pep_Nana32596-RE
Genes.1,N_naja_pep_Nana32596-RB
Genes.1,P_Mucros_pep_XP_015667683.1
Genes.1,N_naja_pep_Nana30996-RA
Genes.1,P_Mucros_pep_XP_015674123.1
Genes.1,N_naja_pep_Nana15050-RA
Genes.1,N_naja_pep_Nana29825-RA
Genes.1,P_Mucros_pep_XP_015667133.1
Genes.1,P_Mucros_pep_XP_015667569.1
Genes.1,C_familiaris_pep_ENSCAFG00000041039.1
Genes.1,P_Mucros_pep_XP_015672517.1
Genes.1,N_naja_pep_Nana25117-RA
Genes.1,P_troglodytes_pep_ENSPTRG00000044978.1
Genes.1,P_Mucros_pep_XP_015670031.1
Genes.1,N_naja_pep_Nana05083-RB
Genes.1,G_gallus_pep_ENSGALG00000054674.1
Genes.1,P_Mucros_pep_XP_015674210.1
Genes.1,P_Mucros_pep_XP_015673273.1
Genes.1,N_naja_pep_Nana14126-RB
Genes.1,P_Mucros_pep_XP_015672472.1
Genes.1,P_Mucros_pep_XP_015672472.1
Genes.1,H_sapiens_pep_ENSG00000104522.16
Genes.1,P_Mucros_pep_XP_015685118.1
Genes.1,P_Mucros_pep_XP_015685118.1
Genes.1,H_sapiens_pep_ENSG00000242612.7
Genes.1,P_Mucros_pep_XP_015674671.1
Genes.1,P_Mucros_pep_XP_015675990.1
Genes.1,P_Mucros_pep_XP_015675990.1
Genes.1,P_Mucros_pep_XP_015675993.1
Genes.1,H_sapiens_pep_ENSG00000171155.8
Genes.1,P_Mucros_pep_XP_015687384.1
Genes.1,P_Mucros_pep_XP_015679391.1
Genes.1,N_naja_pep_Nana09939-RA
Genes.1,N_naja_pep_Nana14985-RB
Genes.1,P_Mucros_pep_XP_015679418.1
Genes.1,N_naja_pep_Nana14977-RA
Genes.1,M_musculus_pep_ENSMUSG00000037957.14
Genes.1,P_Mucros_pep_XP_015679540.1
Genes.1,P_Mucros_pep_XP_015687501.1
Genes.1,P_troglodytes_pep_ENSPTRG00000001602.6
Genes.1,N_naja_pep_Nana15404-RA
Genes.1,P_Mucros_pep_XP_015684440.1
Genes.1,H_sapiens_pep_ENSG00000277101.4
Genes.1,P_Mucros_pep_XP_015668504.1
Genes.1,P_Mucros_pep_XP_015669079.1
Genes.1,P_Mucros_pep_XP_015669079.1
Genes.1,P_Mucros_pep_XP_015686961.1
Genes.1,P_Mucros_pep_XP_015686961.1
Genes.1,P_Mucros_pep_XP_015671742.1
Genes.1,H_sapiens_pep_ENSG00000283765.1
Genes.1,P_Mucros_pep_XP_015673585.1
Genes.1,P_Mucros_pep_XP_015673587.1
Genes.1,P_Mucros_pep_XP_015676332.1
Genes.1,P_Mucros_pep_XP_015676332.1
Genes.1,N_naja_pep_Nana29510-RB
Genes.1,P_Mucros_pep_XP_015679041.1
Genes.1,N_naja_pep_Nana29308-RA
Genes.1,P_Mucros_pep_XP_015670663.1
Genes.1,P_Mucros_pep_XP_015670664.1
Genes.1,N_naja_pep_Nana10795-RA
Genes.1,P_Mucros_pep_XP_015669435.1
Genes.1,P_Mucros_pep_XP_015676116.1
Genes.1,P_Mucros_pep_XP_015676116.1
Genes.1,N_naja_pep_Nana11578-RA
Genes.1,P_troglodytes_pep_ENSPTRG00000038657.2
Genes.1,P_Mucros_pep_XP_015671416.1
Genes.1,N_naja_pep_Nana05031-RB
Genes.1,P_troglodytes_pep_ENSPTRG00000045907.1
Genes.1,P_Mucros_pep_XP_015687337.1
Genes.1,P_Mucros_pep_XP_015675419.1
Genes.1,N_naja_pep_Nana10063-RA
Genes.1,H_sapiens_pep_ENSG00000257727.6
Genes.1,P_Mucros_pep_XP_015678403.1
Genes.1,H_sapiens_pep_ENSG00000278191.4
Genes.1,P_Mucros_pep_XP_015677558.1
Genes.1,P_Mucros_pep_XP_015676759.1
Genes.1,N_naja_pep_Nana09653-RA
Genes.1,N_naja_pep_Nana09525-RA
Genes.1,P_Mucros_pep_XP_015670529.1
Genes.1,P_Mucros_pep_XP_015670063.1
Genes.1,P_Mucros_pep_XP_015670063.1
Genes.1,N_naja_pep_Nana19550-RA
Genes.1,P_Mucros_pep_XP_015667773.1
Genes.1,P_Mucros_pep_XP_015671891.1
Genes.1,P_Mucros_pep_XP_015671892.1
Genes.1,P_Mucros_pep_XP_015677943.1
Genes.1,P_troglodytes_pep_ENSPTRG00000045196.1
Genes.1,N_naja_pep_Nana02981-RB
Genes.1,P_Mucros_pep_XP_015667832.1
Genes.1,P_Mucros_pep_XP_015669643.1
Genes.1,P_Mucros_pep_XP_015669643.1
Genes.1,P_Mucros_pep_XP_015676601.1
Genes.1,P_Mucros_pep_XP_015680099.1
Genes.1,P_Mucros_pep_XP_015680108.1
Genes.1,P_Mucros_pep_XP_015681408.1
Genes.1,P_Mucros_pep_XP_015681410.1
Genes.1,P_Mucros_pep_XP_015670795.1
Genes.1,N_naja_pep_Nana01851-RA
Genes.1,M_musculus_pep_ENSMUSG00000073468.12
Genes.1,P_Mucros_pep_XP_015673816.1
Genes.1,N_naja_pep_Nana08392-RB
Genes.1,P_Mucros_pep_XP_015671689.1
Genes.1,C_familiaris_pep_ENSCAFG00000046034.1
Genes.1,P_Mucros_pep_XP_015679571.1
Genes.1,P_Mucros_pep_XP_015679570.1
Genes.1,P_troglodytes_pep_ENSPTRG00000019765.5
Genes.1,P_Mucros_pep_XP_015671278.1
Genes.1,P_Mucros_pep_XP_015671278.1
Genes.1,P_troglodytes_pep_ENSPTRG00000041406.2
Genes.1,P_Mucros_pep_XP_015667176.1
Genes.1,P_Mucros_pep_XP_015666086.1
Genes.1,N_naja_pep_Nana21893-RA
Genes.1,P_troglodytes_pep_ENSPTRG00000049323.1
Genes.1,P_Mucros_pep_XP_015667166.1
Genes.1,P_Mucros_pep_XP_015675906.1
Genes.1,P_Mucros_pep_XP_015670412.1
Genes.1,P_Mucros_pep_XP_015670771.1
Genes.1,P_Mucros_pep_XP_015670770.1
Genes.1,P_Mucros_pep_XP_015670770.1
Genes.1,P_Mucros_pep_XP_015681796.1
Genes.1,P_Mucros_pep_XP_015682112.1
Genes.1,P_Mucros_pep_XP_015682363.1
Genes.1,P_Mucros_pep_XP_015676633.1
Genes.1,P_Mucros_pep_XP_015669966.1
Genes.1,P_Mucros_pep_XP_015687570.1
Genes.1,P_Mucros_pep_XP_015680876.1
Genes.1,P_Mucros_pep_XP_015680437.1
Genes.1,P_Mucros_pep_XP_015680437.1
Genes.1,N_naja_pep_Nana11095-RA
Genes.1,P_Mucros_pep_XP_015669496.1
Genes.1,P_Mucros_pep_XP_015668595.1
Genes.1,P_Mucros_pep_XP_015686089.1
Genes.1,P_Mucros_pep_XP_015687078.1
Genes.1,M_musculus_pep_ENSMUSG00000107482.2
Genes.1,P_Mucros_pep_XP_015678613.1
Genes.1,N_naja_pep_Nana16545-RB
Genes.1,P_Mucros_pep_XP_015666194.1
Genes.1,P_troglodytes_pep_ENSPTRG00000005622.6
Genes.1,P_Mucros_pep_XP_015688029.1
Genes.1,P_Mucros_pep_XP_015670015.1
Genes.1,N_naja_pep_Nana05069-RB
Genes.1,P_Mucros_pep_XP_015674292.1
Genes.1,P_Mucros_pep_XP_015687497.1
Genes.1,P_Mucros_pep_XP_015668303.1
Genes.1,P_Mucros_pep_XP_015687517.1
Genes.1,P_Mucros_pep_XP_015677360.1
Genes.1,P_Mucros_pep_XP_015675730.1
Genes.1,P_Mucros_pep_XP_015675730.1
Genes.1,P_Mucros_pep_XP_015676793.1
Genes.1,P_Mucros_pep_XP_015670558.1
Genes.1,N_naja_pep_Nana27308-RA
Genes.1,P_troglodytes_pep_ENSPTRG00000000827.6
Genes.1,P_Mucros_pep_XP_015679057.1
Genes.1,P_Mucros_pep_XP_015666361.1
Genes.1,P_Mucros_pep_XP_015671745.1
Genes.1,P_Mucros_pep_XP_015668121.1
Genes.1,P_Mucros_pep_XP_015675253.1
Genes.1,P_Mucros_pep_XP_015677604.1
Genes.1,P_Mucros_pep_XP_015673541.1
Genes.1,P_Mucros_pep_XP_015687835.1
Genes.1,P_Mucros_pep_XP_015673222.1
Genes.1,P_Mucros_pep_XP_015670157.1
Genes.1,P_Mucros_pep_XP_015686619.1
Genes.1,P_Mucros_pep_XP_015679022.1
Genes.1,P_Mucros_pep_XP_015679022.1
Genes.1,P_Mucros_pep_XP_015670385.1
Genes.1,P_Mucros_pep_XP_015670373.1
Genes.1,P_Mucros_pep_XP_015676296.1
Genes.1,P_Mucros_pep_XP_015681375.1
Genes.1,N_naja_pep_Nana10216-RA
Genes.1,P_Mucros_pep_XP_015676060.1
Genes.1,N_naja_pep_Nana10209-RA
Genes.1,P_Mucros_pep_XP_015683123.1
Genes.1,P_Mucros_pep_XP_015668105.1
Genes.1,P_Mucros_pep_XP_015687336.1
Genes.1,P_Mucros_pep_XP_015674151.1
Genes.1,N_naja_pep_Nana08608-RA
Genes.1,P_Mucros_pep_XP_015672852.1
Genes.1,P_Mucros_pep_XP_015679524.1
Genes.1,P_Mucros_pep_XP_015676709.1
Genes.1,P_Mucros_pep_XP_015668137.1
Genes.1,P_Mucros_pep_XP_015672199.1
Genes.1,P_Mucros_pep_XP_015671124.1
Genes.1,P_Mucros_pep_XP_015687409.1
Genes.1,P_Mucros_pep_XP_015676438.1
Genes.1,P_Mucros_pep_XP_015667608.1
Genes.1,P_Mucros_pep_XP_015672905.1
Genes.1,N_naja_pep_Nana15394-RA
Genes.1,P_Mucros_pep_XP_015674705.1
Genes.1,P_Mucros_pep_XP_015674681.1
Genes.1,P_Mucros_pep_XP_015674689.1
Genes.1,P_Mucros_pep_XP_015678480.1
Genes.1,P_Mucros_pep_XP_015678480.1
Genes.1,P_Mucros_pep_XP_015678485.1
Genes.1,P_Mucros_pep_XP_015675025.1
Genes.1,P_Mucros_pep_XP_015674955.1
Genes.1,H_sapiens_pep_ENSG00000253958.2
Genes.1,P_Mucros_pep_XP_015673819.1
Genes.1,P_Mucros_pep_XP_015666577.1
Genes.1,P_Mucros_pep_XP_015666091.1
Genes.1,P_Mucros_pep_XP_015687716.1
Genes.1,P_Mucros_pep_XP_015665677.1
Genes.1,P_Mucros_pep_XP_015683475.1
Genes.1,P_Mucros_pep_XP_015667991.1
Genes.1,P_Mucros_pep_XP_015668559.1
Genes.1,P_Mucros_pep_XP_015676009.1
Genes.1,P_Mucros_pep_XP_015678041.1
Genes.1,P_Mucros_pep_XP_015672846.1
Genes.1,P_Mucros_pep_XP_015668424.1
Genes.1,P_Mucros_pep_XP_015680845.1
Genes.1,P_Mucros_pep_XP_015680845.1
Genes.1,N_naja_pep_Nana06259-RA
Genes.1,P_Mucros_pep_XP_015665503.1
Genes.1,P_Mucros_pep_XP_015672080.1
Genes.1,N_naja_pep_Nana30289-RB
Genes.1,P_Mucros_pep_XP_015676479.1
Genes.1,P_Mucros_pep_XP_015681842.1
X.1, M_musculus_pep_ENSMUSG00000031309.15
X.1, G_gallus_pep_ENSGALG00000011473.6
X.1, G_gallus_pep_ENSGALG00000011473.6
X.1, H_sapiens_pep_ENSG00000004799.8
X.1, N_naja_pep_Nana23253-RA
X.1, P_Mucros_pep_XP_015683341.1
X.1, P_Mucros_pep_XP_015679486.1
X.1, P_Mucros_pep_XP_015679486.1
X.1, C_familiaris_pep_ENSCAFG00000014945.4
X.1, C_familiaris_pep_ENSCAFG00000007008.5
X.1, G_gallus_pep_ENSGALG00000010567.6
X.1, C_familiaris_pep_ENSCAFG00000010644.5
X.1, P_Mucros_pep_XP_015683825.1
X.1, C_familiaris_pep_ENSCAFG00000014818.5
X.1, P_Mucros_pep_XP_015666225.1
X.1, H_sapiens_pep_ENSG00000111540.16
X.1, P_Mucros_pep_XP_015673115.1
X.1, P_troglodytes_pep_ENSPTRG00000043106.1
X.1, M_musculus_pep_ENSMUSG00000024395.9
X.1, G_gallus_pep_ENSGALG00000045815.2
X.1, H_sapiens_pep_ENSG00000257207.5
X.1, P_troglodytes_pep_ENSPTRG00000034439.3
X.1, G_gallus_pep_ENSGALG00000036238.2
X.1, N_naja_pep_Nana33979-RC
X.1, C_familiaris_pep_ENSCAFG00000048732.1
X.1, P_troglodytes_pep_ENSPTRG00000011278.5
X.1, A_carolinensis_pep_ENSACAG00000016795.3
X.1, P_Mucros_pep_XP_015677557.1
X.1, P_Mucros_pep_XP_015670090.1
X.1, P_Mucros_pep_XP_015681350.1
X.1, N_naja_pep_Nana23010-RB
X.1, C_familiaris_pep_ENSCAFG00000005405.4
X.1, P_troglodytes_pep_ENSPTRG00000021442.7
X.1, G_gallus_pep_ENSGALG00000014711.6
X.1, P_troglodytes_pep_ENSPTRG00000006191.3
X.1, C_familiaris_pep_ENSCAFG00000003015.4
X.1, P_Mucros_pep_XP_015675741.1
X.1, P_troglodytes_pep_ENSPTRG00000044248.1
X.1, P_troglodytes_pep_ENSPTRG00000045063.1
X.1, P_Mucros_pep_XP_015667047.1
X.1, P_Mucros_pep_XP_015667047.1
X.1, P_troglodytes_pep_ENSPTRG00000021352.7
X.1, X_tropicalis_pep_ENSXETG00000004411.1
X.1, P_Mucros_pep_XP_015673582.1
X.1, N_naja_pep_Nana19241-RA
X.1, P_Mucros_pep_XP_029139010.1
X.1, P_Mucros_pep_XP_015677020.1
X.1, P_Mucros_pep_XP_015665506.1
X.1, H_sapiens_pep_ENSG00000134758.14
X.1, P_Mucros_pep_XP_015666802.1
X.1, M_musculus_pep_ENSMUSG00000029084.5
X.1, M_musculus_pep_ENSMUSG00000061032.9
X.1, P_Mucros_pep_XP_015683264.1
X.1, N_naja_pep_Nana03695-RF
X.1, N_naja_pep_Nana03695-RF
X.1, N_naja_pep_Nana04049-RB
X.1, N_naja_pep_Nana04049-RI
X.1, M_musculus_pep_ENSMUSG00000070520.4
X.1, P_Mucros_pep_XP_015687544.1
X.1, N_naja_pep_Nana16417-RA
X.1, P_Mucros_pep_XP_015668609.1
X.1, P_Mucros_pep_XP_015669304.1
X.1, N_naja_pep_Nana19733-RC
X.1, P_Mucros_pep_XP_015680839.1
X.1, P_troglodytes_pep_ENSPTRG00000048049.1
X.1, N_naja_pep_Nana05408-RE
X.1, N_naja_pep_Nana05408-RE
X.1, P_Mucros_pep_XP_015675358.1
X.1, P_Mucros_pep_XP_015676465.1
X.1, N_naja_pep_Nana16406-RC
X.1, N_naja_pep_Nana14129-RA
X.1, P_Mucros_pep_XP_015673483.1
X.1, P_Mucros_pep_XP_015685611.1
X.1, P_Mucros_pep_XP_015680311.1
X.1, P_Mucros_pep_XP_015680311.1
X.1, P_Mucros_pep_XP_015666556.1
X.1, P_Mucros_pep_XP_015665442.1
X.1, P_Mucros_pep_XP_015669719.1
X.1, P_Mucros_pep_XP_015671287.1
X.1, P_Mucros_pep_XP_015675991.1
X.2, C_familiaris_pep_ENSCAFG00000013171.4
X.2, P_Mucros_pep_XP_015673847.1
X.2, P_Mucros_pep_XP_015673847.1
X.2, P_troglodytes_pep_ENSPTRG00000019421.3
X.2, N_naja_pep_Nana23253-RB
X.2, A_carolinensis_pep_ENSACAG00000007063.3
X.2, P_Mucros_pep_XP_015679485.1
X.2, P_Mucros_pep_XP_015679485.1
X.2, M_musculus_pep_ENSMUSG00000031840.12
X.2, H_sapiens_pep_ENSG00000152932.8
X.2, X_tropicalis_pep_ENSXETG00000001595.1
X.2, M_musculus_pep_ENSMUSG00000028161.17
X.2, P_Mucros_pep_XP_015683833.1
X.2, M_musculus_pep_ENSMUSG00000021816.11
X.2, P_Mucros_pep_XP_015666224.1
X.2, P_troglodytes_pep_ENSPTRG00000005071.5
X.2, A_carolinensis_pep_ENSACAG00000016702.1
X.2, H_sapiens_pep_ENSG00000101152.11
X.2, G_gallus_pep_ENSGALG00000029970.3
X.2, H_sapiens_pep_ENSG00000284337.1
X.2, C_familiaris_pep_ENSCAFG00000017651.4
X.2, N_naja_pep_Nana27192-RA
X.2, M_musculus_pep_ENSMUSG00000027162.7
X.2, X_tropicalis_pep_ENSXETG00000005262.1
X.2, M_musculus_pep_ENSMUSG00000004791.7
X.2, P_Mucros_pep_XP_015677549.1
X.2, A_carolinensis_pep_ENSACAG00000012027.3
X.2, N_naja_pep_Nana29412-RA
X.2, P_Mucros_pep_XP_015687726.1
X.2, M_musculus_pep_ENSMUSG00000027429.16
X.2, C_familiaris_pep_ENSCAFG00000020030.4
X.2, X_tropicalis_pep_ENSXETG00000012836.1
X.2, C_familiaris_pep_ENSCAFG00000011868.4
X.2, M_musculus_pep_ENSMUSG00000028382.15
X.2, N_naja_pep_Nana02545-RA
X.2, P_troglodytes_pep_ENSPTRG00000045063.1
X.2, P_Mucros_pep_XP_015667046.1
X.2, M_musculus_pep_ENSMUSG00000026749.11
X.2, X_tropicalis_pep_ENSXETG00000004496.1
X.2, N_naja_pep_Nana19241-RC
X.2, P_Mucros_pep_XP_015665508.1
X.2, P_troglodytes_pep_ENSPTRG00000009956.6
X.2, C_familiaris_pep_ENSCAFG00000015298.5
X.2, C_familiaris_pep_ENSCAFG00000010646.5
X.2, N_naja_pep_Nana03695-RC
X.2, N_naja_pep_Nana04049-RI
X.2, N_naja_pep_Nana04049-RF
X.2, P_Mucros_pep_XP_015687542.1
X.2, P_troglodytes_pep_ENSPTRG00000048495.1
X.2, N_naja_pep_Nana05408-RC
X.2, N_naja_pep_Nana14129-RB
X.2, P_Mucros_pep_XP_015680309.1
X.3, G_gallus_pep_ENSGALG00000016406.6
X.3, N_naja_pep_Nana01675-RA
X.3, N_naja_pep_Nana01675-RA
X.3, A_carolinensis_pep_ENSACAG00000014020.3
X.3, M_musculus_pep_ENSMUSG00000038967.13
X.3, H_sapiens_pep_ENSG00000067992.15
X.3, G_gallus_pep_ENSGALG00000016485.6
X.3, G_gallus_pep_ENSGALG00000016485.6
X.3, M_musculus_pep_ENSMUSG00000111277.2
X.3, P_troglodytes_pep_ENSPTRG00000016898.6
X.3, P_troglodytes_pep_ENSPTRG00000000732.4
X.3, A_carolinensis_pep_ENSACAG00000012558.3
X.3, H_sapiens_pep_ENSG00000107758.15
X.3, N_naja_pep_Nana21935-RA
X.3, A_carolinensis_pep_ENSACAG00000005380.3
X.3, G_gallus_pep_ENSGALG00000030660.3
X.3, M_musculus_pep_ENSMUSG00000000826.16
X.3, P_Mucros_pep_XP_015675313.1
X.3, X_tropicalis_pep_ENSXETG00000005783.1
X.3, P_Mucros_pep_XP_015669007.1
X.3, G_gallus_pep_ENSGALG00000012170.7
X.3, A_carolinensis_pep_ENSACAG00000013247.3
X.3, H_sapiens_pep_ENSG00000119630.14
X.3, A_carolinensis_pep_ENSACAG00000002862.2
X.3, H_sapiens_pep_ENSG00000168710.18
X.3, G_gallus_pep_ENSGALG00000017291.6
X.3, A_carolinensis_pep_ENSACAG00000017306.3
X.3, G_gallus_pep_ENSGALG00000008793.5
X.3, M_musculus_pep_ENSMUSG00000039648.14
X.3, A_carolinensis_pep_ENSACAG00000015109.3
X.3, M_musculus_pep_ENSMUSG00000040618.7
X.3, N_naja_pep_Nana11402-RA
X.3, A_carolinensis_pep_ENSACAG00000000132.3
X.3, P_troglodytes_pep_ENSPTRG00000049646.1
X.3, P_Mucros_pep_XP_015683674.1
X.3, N_naja_pep_Nana06177-RA
X.3, N_naja_pep_Nana29693-RA
X.3, N_naja_pep_Nana04049-RF
X.4, X_tropicalis_pep_ENSXETG00000021421.1
X.4, N_naja_pep_Nana01675-RB
X.4, N_naja_pep_Nana01675-RB
X.4, P_Mucros_pep_XP_015667066.1
X.4, C_familiaris_pep_ENSCAFG00000016967.4
X.4, C_familiaris_pep_ENSCAFG00000013476.4
X.4, C_familiaris_pep_ENSCAFG00000003850.3
X.4, C_familiaris_pep_ENSCAFG00000003850.3
X.4, X_tropicalis_pep_ENSXETG00000006946.1
X.4, M_musculus_pep_ENSMUSG00000021700.10
X.4, H_sapiens_pep_ENSG00000169213.7
X.4, P_Mucros_pep_XP_015683811.1
X.4, A_carolinensis_pep_ENSACAG00000010008.3
X.4, P_troglodytes_pep_ENSPTRG00000014682.5
X.4, P_Mucros_pep_XP_015671801.1
X.4, X_tropicalis_pep_ENSXETG00000017622.1
X.4, P_Mucros_pep_XP_015678114.1
X.4, C_familiaris_pep_ENSCAFG00000002015.5
X.4, P_Mucros_pep_XP_015683022.1
X.4, P_Mucros_pep_XP_015669005.1
X.4, N_naja_pep_Nana04660-RA
X.4, P_Mucros_pep_XP_015665631.1
X.4, P_troglodytes_pep_ENSPTRG00000006545.6
X.4, N_naja_pep_Nana03592-RA
X.4, M_musculus_pep_ENSMUSG00000027893.14
X.4, H_sapiens_pep_ENSG00000064763.11
X.4, G_gallus_pep_ENSGALG00000042894.3
X.4, N_naja_pep_Nana15512-RA
X.4, X_tropicalis_pep_ENSXETG00000000350.1
X.4, H_sapiens_pep_ENSG00000067113.17
X.4, A_carolinensis_pep_ENSACAG00000001158.3
X.4, P_Mucros_pep_XP_015674694.1
X.4, C_familiaris_pep_ENSCAFG00000003394.5
X.4, G_gallus_pep_ENSGALG00000001118.6
X.4, P_troglodytes_pep_ENSPTRG00000010209.6
X.4, A_carolinensis_pep_ENSACAG00000022948.1
X.4, N_naja_pep_Nana04049-RG
X.5, P_Mucros_pep_XP_015680878.1
X.5, C_familiaris_pep_ENSCAFG00000000828.4
X.5, C_familiaris_pep_ENSCAFG00000000828.4
X.5, N_naja_pep_Nana21626-RB
X.5, P_troglodytes_pep_ENSPTRG00000009388.4
X.5, P_troglodytes_pep_ENSPTRG00000021750.6
X.5, M_musculus_pep_ENSMUSG00000054364.5
X.5, M_musculus_pep_ENSMUSG00000054364.5
X.5, G_gallus_pep_ENSGALG00000030068.2
X.5, X_tropicalis_pep_ENSXETG00000020228.1
X.5, M_musculus_pep_ENSMUSG00000003411.10
X.5, P_Mucros_pep_XP_015683804.1
X.5, X_tropicalis_pep_ENSXETG00000020699.1
X.5, H_sapiens_pep_ENSG00000144566.11
X.5, P_Mucros_pep_XP_015671802.1
X.5, H_sapiens_pep_ENSG00000147570.10
X.5, G_gallus_pep_ENSGALG00000035378.2
X.5, G_gallus_pep_ENSGALG00000001995.6
X.5, P_Mucros_pep_XP_015683028.1
X.5, P_Mucros_pep_XP_015669006.1
X.5, P_Mucros_pep_XP_015670868.1
X.5, N_naja_pep_Nana23323-RA
X.5, C_familiaris_pep_ENSCAFG00000016995.4
X.5, H_sapiens_pep_ENSG00000168280.17
X.5, G_gallus_pep_ENSGALG00000000329.7
X.5, P_troglodytes_pep_ENSPTRG00000004796.5
X.5, H_sapiens_pep_ENSG00000013306.16
X.5, N_naja_pep_Nana15512-RB
X.5, G_gallus_pep_ENSGALG00000004604.6
X.5, P_troglodytes_pep_ENSPTRG00000016880.6
X.5, P_Mucros_pep_XP_015677722.1
X.5, A_carolinensis_pep_ENSACAG00000017316.3
X.5, H_sapiens_pep_ENSG00000134317.18
X.5, X_tropicalis_pep_ENSXETG00000003615.1
X.5, H_sapiens_pep_ENSG00000071655.18
X.5, P_Mucros_pep_XP_015677037.1
X.6, P_Mucros_pep_XP_015680870.1
X.6, P_troglodytes_pep_ENSPTRG00000018793.6
X.6, P_troglodytes_pep_ENSPTRG00000018793.6
X.6, N_naja_pep_Nana21626-RA
X.6, H_sapiens_pep_ENSG00000005882.12
X.6, M_musculus_pep_ENSMUSG00000035232.8
X.6, H_sapiens_pep_ENSG00000143878.10
X.6, H_sapiens_pep_ENSG00000143878.10
X.6, N_naja_pep_Nana06066-RA
X.6, C_familiaris_pep_ENSCAFG00000003790.4
X.6, P_Mucros_pep_XP_015683825.1
X.6, C_familiaris_pep_ENSCAFG00000005814.3
X.6, P_Mucros_pep_XP_015671803.1
X.6, P_troglodytes_pep_ENSPTRG00000020301.4
X.6, A_carolinensis_pep_ENSACAG00000006841.3
X.6, G_gallus_pep_ENSGALG00000052731.1
X.6, A_carolinensis_pep_ENSACAG00000015436.3
X.6, H_sapiens_pep_ENSG00000269955.2
X.6, X_tropicalis_pep_ENSXETG00000004047.1
X.6, G_gallus_pep_ENSGALG00000047771.1
X.6, P_troglodytes_pep_ENSPTRG00000012521.6
X.6, C_familiaris_pep_ENSCAFG00000019796.5
X.6, C_familiaris_pep_ENSCAFG00000010901.4
X.6, P_troglodytes_pep_ENSPTRG00000009272.6
X.6, P_Mucros_pep_XP_015668009.1
X.6, P_Mucros_pep_XP_015684174.1
X.6, M_musculus_pep_ENSMUSG00000021759.14
X.6, P_Mucros_pep_XP_015677721.2
X.6, X_tropicalis_pep_ENSXETG00000003249.1
X.6, P_troglodytes_pep_ENSPTRG00000011643.6
X.6, M_musculus_pep_ENSMUSG00000035478.14
X.6, G_gallus_pep_ENSGALG00000014508.6
X.7, N_naja_pep_Nana25848-RA
X.7, H_sapiens_pep_ENSG00000071242.12
X.7, H_sapiens_pep_ENSG00000071242.12
X.7, G_gallus_pep_ENSGALG00000009700.7
X.7, G_gallus_pep_ENSGALG00000045846.2
X.7, G_gallus_pep_ENSGALG00000016323.5
X.7, A_carolinensis_pep_ENSACAG00000010665.2
X.7, A_carolinensis_pep_ENSACAG00000010665.2
X.7, P_Mucros_pep_XP_015665477.1
X.7, P_Mucros_pep_XP_015683833.1
X.7, M_musculus_pep_ENSMUSG00000017831.8
X.7, G_gallus_pep_ENSGALG00000042482.3
X.7, M_musculus_pep_ENSMUSG00000027606.12
X.7, C_familiaris_pep_ENSCAFG00000013084.6
X.7, G_gallus_pep_ENSGALG00000045815.2
X.7, G_gallus_pep_ENSGALG00000040741.2
X.7, P_troglodytes_pep_ENSPTRG00000019755.6
X.7, A_carolinensis_pep_ENSACAG00000015739.3
X.7, P_Mucros_pep_XP_015676137.1
X.7, C_familiaris_pep_ENSCAFG00000005610.4
X.7, P_troglodytes_pep_ENSPTRG00000001067.7
X.7, M_musculus_pep_ENSMUSG00000030303.15
X.7, M_musculus_pep_ENSMUSG00000018677.9
X.7, P_Mucros_pep_XP_015668008.1
X.7, P_Mucros_pep_XP_015686308.1
X.7, C_familiaris_pep_ENSCAFG00000006838.4
X.7, N_naja_pep_Nana24253-RA
X.7, M_musculus_pep_ENSMUSG00000020656.16
X.7, X_tropicalis_pep_ENSXETG00000008745.1
X.8, A_carolinensis_pep_ENSACAG00000012681.3
X.8, X_tropicalis_pep_ENSXETG00000010463.1
X.8, X_tropicalis_pep_ENSXETG00000010463.1
X.8, X_tropicalis_pep_ENSXETG00000008151.1
X.8, X_tropicalis_pep_ENSXETG00000011285.1
X.8, M_musculus_pep_ENSMUSG00000036463.8
X.8, M_musculus_pep_ENSMUSG00000036463.8
X.8, P_Mucros_pep_XP_015683818.1
X.8, X_tropicalis_pep_ENSXETG00000017328.1
X.8, X_tropicalis_pep_ENSXETG00000017660.1
X.8, C_familiaris_pep_ENSCAFG00000025445.4
X.8, G_gallus_pep_ENSGALG00000053379.1
X.8, P_Mucros_pep_XP_015669003.1
X.8, H_sapiens_pep_ENSG00000276734.4
X.8, X_tropicalis_pep_ENSXETG00000014873.1
X.8, C_familiaris_pep_ENSCAFG00000014180.4
X.8, A_carolinensis_pep_ENSACAG00000007168.3
X.8, X_tropicalis_pep_ENSXETG00000013175.1
X.8, X_tropicalis_pep_ENSXETG00000000020.1
X.9, X_tropicalis_pep_ENSXETG00000013406.1
X.9, A_carolinensis_pep_ENSACAG00000005247.3
X.9, A_carolinensis_pep_ENSACAG00000005247.3
X.9, G_gallus_pep_ENSGALG00000039498.2
X.9, P_Mucros_pep_XP_015671804.1
X.9, G_gallus_pep_ENSGALG00000044258.2
X.9, A_carolinensis_pep_ENSACAG00000003455.3
X.9, M_musculus_pep_ENSMUSG00000026764.15
X.9, X_tropicalis_pep_ENSXETG00000019687.1
X.9, X_tropicalis_pep_ENSXETG00000000327.1
X.10, C_familiaris_pep_ENSCAFG00000012408.5
X.10, P_troglodytes_pep_ENSPTRG00000001112.6
X.10, X_tropicalis_pep_ENSXETG00000012165.1
X.10, X_tropicalis_pep_ENSXETG00000002474.1
X.10, N_naja_pep_Nana19999-RA
X.10, M_musculus_pep_ENSMUSG00000029823.16
X.10, X_tropicalis_pep_ENSXETG00000001084.1
X.11, M_musculus_pep_ENSMUSG00000003644.17
X.11, M_musculus_pep_ENSMUSG00000002233.13
X.11, P_Mucros_pep_XP_015680103.1
X.11, X_tropicalis_pep_ENSXETG00000011545.1
X.12, P_troglodytes_pep_ENSPTRG00000000387.6
X.12, C_familiaris_pep_ENSCAFG00000047569.1
X.12, A_carolinensis_pep_ENSACAG00000005359.2
X.13, H_sapiens_pep_ENSG00000117676.14
X.13, C_familiaris_pep_ENSCAFG00000013413.4
X.14, H_sapiens_pep_ENSG00000281877.3
X.14, G_gallus_pep_ENSGALG00000001569.6
X.15, G_gallus_pep_ENSGALG00000037136.2
X.15, A_carolinensis_pep_ENSACAG00000017941.3
X.16, P_Mucros_pep_XP_029140470.1
X.16, P_Mucros_pep_XP_015682140.1
X.17, N_naja_pep_Nana30115-RA
X.17, P_Mucros_pep_XP_015682141.1
X.18, N_naja_pep_Nana14009-RA
X.19, X_tropicalis_pep_ENSXETG00000018919.1
Genes.2,M_musculus_pep_ENSMUSG00000023809.10
Genes.2,P_Mucros_pep_XP_015680870.1
Genes.2,G_gallus_pep_ENSGALG00000007097.6
Genes.2,X_tropicalis_pep_ENSXETG00000013406.1
Genes.2,N_naja_pep_Nana01675-RB
Genes.2,H_sapiens_pep_ENSG00000281877.3
Genes.2,N_naja_pep_Nana32194-RB
Genes.2,N_naja_pep_Nana32194-RA
Genes.2,M_musculus_pep_ENSMUSG00000116203.1
Genes.2,A_carolinensis_pep_ENSACAG00000005384.3
Genes.2,N_naja_pep_Nana21626-RA
Genes.2,P_Mucros_pep_XP_015683353.1
Genes.2,N_naja_pep_Nana23253-RB
Genes.2,C_familiaris_pep_ENSCAFG00000006315.4
Genes.2,P_Mucros_pep_XP_015683349.1
Genes.2,P_Mucros_pep_XP_015683341.1
Genes.2,N_naja_pep_Nana03410-RB
Genes.2,P_troglodytes_pep_ENSPTRG00000014922.5
Genes.2,P_troglodytes_pep_ENSPTRG00000001112.6
Genes.2,P_Mucros_pep_XP_015679485.1
Genes.2,C_familiaris_pep_ENSCAFG00000013413.4
Genes.2,P_Mucros_pep_XP_015682141.1
Genes.2,P_Mucros_pep_XP_015680930.1
Genes.2,P_Mucros_pep_XP_015680859.1
Genes.2,P_Mucros_pep_XP_015672812.1
Genes.2,P_Mucros_pep_XP_029140247.1
Genes.2,X_tropicalis_pep_ENSXETG00000017358.1
Genes.2,P_Mucros_pep_XP_015670630.1
Genes.2,M_musculus_pep_ENSMUSG00000111277.2
Genes.2,P_Mucros_pep_XP_015666407.1
Genes.2,X_tropicalis_pep_ENSXETG00000010363.1
Genes.2,P_Mucros_pep_XP_015668787.1
Genes.2,G_gallus_pep_ENSGALG00000005243.6
Genes.2,P_Mucros_pep_XP_015683818.1
Genes.2,P_Mucros_pep_XP_015683825.1
Genes.2,P_Mucros_pep_XP_015683804.1
Genes.2,P_Mucros_pep_XP_015683833.1
Genes.2,X_tropicalis_pep_ENSXETG00000003011.1
Genes.2,N_naja_pep_Nana28247-RE
Genes.2,N_naja_pep_Nana28247-RC
Genes.2,N_naja_pep_Nana28247-RD
Genes.2,N_naja_pep_Nana28247-RB
Genes.2,M_musculus_pep_ENSMUSG00000000711.3
Genes.2,P_Mucros_pep_XP_015666224.1
Genes.2,P_Mucros_pep_XP_015665944.1
Genes.2,P_Mucros_pep_XP_015671802.1
Genes.2,P_Mucros_pep_XP_015671803.1
Genes.2,N_naja_pep_Nana23150-RB
Genes.2,N_naja_pep_Nana13337-RA
Genes.2,P_Mucros_pep_XP_015673115.1
Genes.2,C_familiaris_pep_ENSCAFG00000032365.2
Genes.2,P_Mucros_pep_XP_015670301.1
Genes.2,P_Mucros_pep_XP_029139764.1
Genes.2,A_carolinensis_pep_ENSACAG00000002316.2
Genes.2,G_gallus_pep_ENSGALG00000053379.1
Genes.2,G_gallus_pep_ENSGALG00000045815.2
Genes.2,G_gallus_pep_ENSGALG00000052731.1
Genes.2,G_gallus_pep_ENSGALG00000044258.2
Genes.2,N_naja_pep_Nana26170-RA
Genes.2,N_naja_pep_Nana26170-RB
Genes.2,P_Mucros_pep_XP_015675312.1
Genes.2,H_sapiens_pep_ENSG00000256671.6
Genes.2,H_sapiens_pep_ENSG00000257207.5
Genes.2,H_sapiens_pep_ENSG00000284337.1
Genes.2,H_sapiens_pep_ENSG00000256977.12
Genes.2,M_musculus_pep_ENSMUSG00000040265.16
Genes.2,P_Mucros_pep_XP_015683028.1
Genes.2,P_troglodytes_pep_ENSPTRG00000021418.6
Genes.2,X_tropicalis_pep_ENSXETG00000011756.1
Genes.2,P_Mucros_pep_XP_015669005.1
Genes.2,P_Mucros_pep_XP_015669006.1
Genes.2,N_naja_pep_Nana33979-RA
Genes.2,N_naja_pep_Nana33979-RC
Genes.2,N_naja_pep_Nana33979-RD
Genes.2,N_naja_pep_Nana33979-RF
Genes.2,C_familiaris_pep_ENSCAFG00000005817.4
Genes.2,M_musculus_pep_ENSMUSG00000019906.15
Genes.2,H_sapiens_pep_ENSG00000112715.23
Genes.2,N_naja_pep_Nana01393-RD
Genes.2,N_naja_pep_Nana01393-RB
Genes.2,N_naja_pep_Nana01393-RC
Genes.2,P_Mucros_pep_XP_015673445.1
Genes.2,P_Mucros_pep_XP_015673435.1
Genes.2,X_tropicalis_pep_ENSXETG00000017691.1
Genes.2,P_Mucros_pep_XP_015677549.1
Genes.2,P_Mucros_pep_XP_015677557.1
Genes.2,P_Mucros_pep_XP_015667511.1
Genes.2,P_troglodytes_pep_ENSPTRG00000022405.6
Genes.2,P_troglodytes_pep_ENSPTRG00000043055.1
Genes.2,P_troglodytes_pep_ENSPTRG00000042890.1
Genes.2,P_Mucros_pep_XP_015670597.1
Genes.2,H_sapiens_pep_ENSG00000273554.4
Genes.2,P_troglodytes_pep_ENSPTRG00000050829.1
Genes.2,N_naja_pep_Nana27858-RB
Genes.2,P_Mucros_pep_XP_015670090.1
Genes.2,N_naja_pep_Nana27858-RA
Genes.2,A_carolinensis_pep_ENSACAG00000004307.3
Genes.2,A_carolinensis_pep_ENSACAG00000027163.2
Genes.2,N_naja_pep_Nana04583-RB
Genes.2,P_Mucros_pep_XP_015675534.1
Genes.2,P_Mucros_pep_XP_015675536.1
Genes.2,X_tropicalis_pep_ENSXETG00000016238.1
Genes.2,N_naja_pep_Nana23010-RB
Genes.2,P_troglodytes_pep_ENSPTRG00000050572.1
Genes.2,X_tropicalis_pep_ENSXETG00000019204.1
Genes.2,N_naja_pep_Nana15512-RB
Genes.2,P_Mucros_pep_XP_015668008.1
Genes.2,P_Mucros_pep_XP_015680779.1
Genes.2,P_troglodytes_pep_ENSPTRG00000041247.2
Genes.2,H_sapiens_pep_ENSG00000286112.1
Genes.2,P_Mucros_pep_XP_015686308.1
Genes.2,P_Mucros_pep_XP_015683056.1
Genes.2,P_Mucros_pep_XP_015683057.1
Genes.2,N_naja_pep_Nana14843-RA
Genes.2,H_sapiens_pep_ENSG00000284686.1
Genes.2,P_Mucros_pep_XP_015679747.1
Genes.2,P_Mucros_pep_XP_015676694.1
Genes.2,H_sapiens_pep_ENSG00000285241.2
Genes.2,P_Mucros_pep_XP_015677721.2
Genes.2,X_tropicalis_pep_ENSXETG00000012673.1
Genes.2,N_naja_pep_Nana06106-RB
Genes.2,N_naja_pep_Nana06106-RD
Genes.2,N_naja_pep_Nana06106-RA
Genes.2,X_tropicalis_pep_ENSXETG00000000114.1
Genes.2,P_Mucros_pep_XP_015675741.1
Genes.2,P_troglodytes_pep_ENSPTRG00000044764.1
Genes.2,P_troglodytes_pep_ENSPTRG00000049646.1
Genes.2,P_troglodytes_pep_ENSPTRG00000044248.1
Genes.2,P_troglodytes_pep_ENSPTRG00000045063.1
Genes.2,C_familiaris_pep_ENSCAFG00000007296.3
Genes.2,P_troglodytes_pep_ENSPTRG00000042822.1
Genes.2,N_naja_pep_Nana10748-RB
Genes.2,P_troglodytes_pep_ENSPTRG00000008116.6
Genes.2,P_Mucros_pep_XP_015674227.1
Genes.2,P_Mucros_pep_XP_015674226.1
Genes.2,N_naja_pep_Nana31573-RD
Genes.2,N_naja_pep_Nana31573-RE
Genes.2,N_naja_pep_Nana31573-RB
Genes.2,P_troglodytes_pep_ENSPTRG00000045156.1
Genes.2,P_Mucros_pep_XP_015678615.1
Genes.2,P_Mucros_pep_XP_015667046.1
Genes.2,P_Mucros_pep_XP_015667048.1
Genes.2,P_Mucros_pep_XP_015667047.1
Genes.2,N_naja_pep_Nana21551-RC
Genes.2,N_naja_pep_Nana21551-RB
Genes.2,M_musculus_pep_ENSMUSG00000026393.10
Genes.2,C_familiaris_pep_ENSCAFG00000010482.4
Genes.2,P_Mucros_pep_XP_015671782.1
Genes.2,G_gallus_pep_ENSGALG00000003025.6
Genes.2,X_tropicalis_pep_ENSXETG00000004643.1
Genes.2,X_tropicalis_pep_ENSXETG00000004411.1
Genes.2,X_tropicalis_pep_ENSXETG00000004509.1
Genes.2,X_tropicalis_pep_ENSXETG00000004496.1
Genes.2,P_Mucros_pep_XP_015673584.1
Genes.2,P_Mucros_pep_XP_015673582.1
Genes.2,P_Mucros_pep_XP_029140356.1
Genes.2,N_naja_pep_Nana19241-RE
Genes.2,N_naja_pep_Nana19241-RA
Genes.2,N_naja_pep_Nana19241-RB
Genes.2,N_naja_pep_Nana19241-RC
Genes.2,N_naja_pep_Nana32106-RB
Genes.2,N_naja_pep_Nana32106-RC
Genes.2,N_naja_pep_Nana32106-RA
Genes.2,P_Mucros_pep_XP_015687882.1
Genes.2,M_musculus_pep_ENSMUSG00000079418.3
Genes.2,M_musculus_pep_ENSMUSG00000116318.1
Genes.2,P_Mucros_pep_XP_015666649.1
Genes.2,P_Mucros_pep_XP_029139009.1
Genes.2,P_Mucros_pep_XP_015666650.1
Genes.2,P_Mucros_pep_XP_029139010.1
Genes.2,N_naja_pep_Nana28032-RC
Genes.2,N_naja_pep_Nana28032-RA
Genes.2,P_Mucros_pep_XP_015677019.1
Genes.2,P_Mucros_pep_XP_015677020.1
Genes.2,P_Mucros_pep_XP_015677021.1
Genes.2,N_naja_pep_Nana08733-RB
Genes.2,P_troglodytes_pep_ENSPTRG00000049306.1
Genes.2,P_troglodytes_pep_ENSPTRG00000017558.4
Genes.2,P_troglodytes_pep_ENSPTRG00000044688.1
Genes.2,P_Mucros_pep_XP_015673108.1
Genes.2,P_Mucros_pep_XP_015673112.1
Genes.2,P_Mucros_pep_XP_015673109.1
Genes.2,P_Mucros_pep_XP_015673111.1
Genes.2,P_Mucros_pep_XP_015673110.1
Genes.2,C_familiaris_pep_ENSCAFG00000032711.2
Genes.2,P_Mucros_pep_XP_015665508.1
Genes.2,P_Mucros_pep_XP_015669581.1
Genes.2,P_Mucros_pep_XP_015676156.1
Genes.2,X_tropicalis_pep_ENSXETG00000016577.1
Genes.2,X_tropicalis_pep_ENSXETG00000016589.1
Genes.2,P_Mucros_pep_XP_015670977.1
Genes.2,P_troglodytes_pep_ENSPTRG00000041703.2
Genes.2,N_naja_pep_Nana16255-RB
Genes.2,N_naja_pep_Nana16255-RC
Genes.2,P_Mucros_pep_XP_015677420.1
Genes.2,P_Mucros_pep_XP_015677419.2
Genes.2,N_naja_pep_Nana19813-RA
Genes.2,P_Mucros_pep_XP_015675265.1
Genes.2,P_Mucros_pep_XP_029140658.1
Genes.2,X_tropicalis_pep_ENSXETG00000003661.1
Genes.2,P_Mucros_pep_XP_015666803.1
Genes.2,P_Mucros_pep_XP_015666800.1
Genes.2,P_Mucros_pep_XP_015666802.1
Genes.2,P_Mucros_pep_XP_015666804.1
Genes.2,N_naja_pep_Nana14411-RB
Genes.2,X_tropicalis_pep_ENSXETG00000008793.1
Genes.2,N_naja_pep_Nana24527-RB
Genes.2,P_Mucros_pep_XP_015670238.1
Genes.2,M_musculus_pep_ENSMUSG00000058392.13
Genes.2,P_Mucros_pep_XP_015683192.1
Genes.2,N_naja_pep_Nana03695-RB
Genes.2,N_naja_pep_Nana03695-RA
Genes.2,N_naja_pep_Nana03695-RC
Genes.2,N_naja_pep_Nana03695-RE
Genes.2,N_naja_pep_Nana03695-RF
Genes.2,X_tropicalis_pep_ENSXETG00000004575.1
Genes.2,N_naja_pep_Nana09479-RB
Genes.2,P_Mucros_pep_XP_015675191.1
Genes.2,P_Mucros_pep_XP_015675192.1
Genes.2,P_Mucros_pep_XP_015675190.1
Genes.2,P_Mucros_pep_XP_015675189.1
Genes.2,N_naja_pep_Nana04049-RC
Genes.2,N_naja_pep_Nana04049-RH
Genes.2,N_naja_pep_Nana04049-RG
Genes.2,N_naja_pep_Nana04049-RB
Genes.2,N_naja_pep_Nana04049-RI
Genes.2,N_naja_pep_Nana04049-RF
Genes.2,P_Mucros_pep_XP_015681491.1
Genes.2,M_musculus_pep_ENSMUSG00000100937.1
Genes.2,H_sapiens_pep_ENSG00000185115.6
Genes.2,N_naja_pep_Nana10608-RA
Genes.2,P_Mucros_pep_XP_015670426.1
Genes.2,P_Mucros_pep_XP_015670425.1
Genes.2,N_naja_pep_Nana19932-RC
Genes.2,N_naja_pep_Nana19932-RA
Genes.2,N_naja_pep_Nana19932-RB
Genes.2,P_Mucros_pep_XP_015678939.1
Genes.2,P_Mucros_pep_XP_015678937.1
Genes.2,P_Mucros_pep_XP_015677146.1
Genes.2,P_Mucros_pep_XP_015677147.1
Genes.2,H_sapiens_pep_ENSG00000276418.5
Genes.2,P_Mucros_pep_XP_015687543.1
Genes.2,N_naja_pep_Nana16513-RC
Genes.2,P_Mucros_pep_XP_015687542.1
Genes.2,N_naja_pep_Nana16417-RF
Genes.2,N_naja_pep_Nana16417-RA
Genes.2,N_naja_pep_Nana16417-RE
Genes.2,P_Mucros_pep_XP_015679899.1
Genes.2,P_Mucros_pep_XP_015679896.1
Genes.2,N_naja_pep_Nana15115-RA
Genes.2,N_naja_pep_Nana15115-RB
Genes.2,P_Mucros_pep_XP_015668606.1
Genes.2,P_Mucros_pep_XP_015668609.1
Genes.2,P_Mucros_pep_XP_015668610.1
Genes.2,N_naja_pep_Nana11195-RC
Genes.2,N_naja_pep_Nana11195-RA
Genes.2,P_Mucros_pep_XP_015669306.1
Genes.2,P_Mucros_pep_XP_015669307.1
Genes.2,P_Mucros_pep_XP_015669304.1
Genes.2,N_naja_pep_Nana19733-RB
Genes.2,N_naja_pep_Nana19733-RC
Genes.2,N_naja_pep_Nana19733-RA
Genes.2,P_Mucros_pep_XP_015673600.1
Genes.2,P_Mucros_pep_XP_015673601.1
Genes.2,N_naja_pep_Nana26805-RB
Genes.2,N_naja_pep_Nana26805-RC
Genes.2,P_troglodytes_pep_ENSPTRG00000005173.6
Genes.2,P_troglodytes_pep_ENSPTRG00000049416.1
Genes.2,P_Mucros_pep_XP_015680848.1
Genes.2,P_Mucros_pep_XP_015680839.1
Genes.2,P_Mucros_pep_XP_015680838.1
Genes.2,N_naja_pep_Nana25852-RB
Genes.2,N_naja_pep_Nana25852-RC
Genes.2,P_troglodytes_pep_ENSPTRG00000013795.7
Genes.2,P_troglodytes_pep_ENSPTRG00000048049.1
Genes.2,P_troglodytes_pep_ENSPTRG00000044924.1
Genes.2,P_troglodytes_pep_ENSPTRG00000048495.1
Genes.2,P_Mucros_pep_XP_015669612.1
Genes.2,N_naja_pep_Nana18210-RB
Genes.2,P_Mucros_pep_XP_015687292.1
Genes.2,C_familiaris_pep_ENSCAFG00000007880.4
Genes.2,P_troglodytes_pep_ENSPTRG00000049835.1
Genes.2,P_troglodytes_pep_ENSPTRG00000049435.1
Genes.2,N_naja_pep_Nana05408-RB
Genes.2,N_naja_pep_Nana05408-RC
Genes.2,N_naja_pep_Nana05408-RE
Genes.2,N_naja_pep_Nana05408-RD
Genes.2,P_Mucros_pep_XP_015668102.1
Genes.2,P_Mucros_pep_XP_015675359.1
Genes.2,P_Mucros_pep_XP_015675360.1
Genes.2,P_Mucros_pep_XP_015675358.1
Genes.2,N_naja_pep_Nana07918-RB
Genes.2,N_naja_pep_Nana07918-RA
Genes.2,P_Mucros_pep_XP_015676462.1
Genes.2,P_Mucros_pep_XP_015676465.1
Genes.2,P_Mucros_pep_XP_015676464.1
Genes.2,N_naja_pep_Nana03234-RB
Genes.2,P_Mucros_pep_XP_015675457.1
Genes.2,P_Mucros_pep_XP_029140691.1
Genes.2,P_Mucros_pep_XP_029140690.1
Genes.2,P_Mucros_pep_XP_029140689.1
Genes.2,N_naja_pep_Nana16406-RA
Genes.2,N_naja_pep_Nana16406-RD
Genes.2,N_naja_pep_Nana16406-RC
Genes.2,P_Mucros_pep_XP_015673104.1
Genes.2,P_Mucros_pep_XP_015676942.1
Genes.2,P_Mucros_pep_XP_015676943.1
Genes.2,P_Mucros_pep_XP_015676941.1
Genes.2,N_naja_pep_Nana28562-RB
Genes.2,H_sapiens_pep_ENSG00000154640.14
Genes.2,P_Mucros_pep_XP_015677898.1
Genes.2,X_tropicalis_pep_ENSXETG00000008461.1
Genes.2,X_tropicalis_pep_ENSXETG00000008447.1
Genes.2,N_naja_pep_Nana31568-RB
Genes.2,P_Mucros_pep_XP_029140475.1
Genes.2,P_Mucros_pep_XP_015674228.1
Genes.2,P_Mucros_pep_XP_029140474.1
Genes.2,X_tropicalis_pep_ENSXETG00000007988.1
Genes.2,P_Mucros_pep_XP_015673274.1
Genes.2,N_naja_pep_Nana14129-RB
Genes.2,P_Mucros_pep_XP_029140338.1
Genes.2,P_Mucros_pep_XP_015673481.1
Genes.2,P_Mucros_pep_XP_015673483.1
Genes.2,N_naja_pep_Nana13895-RB
Genes.2,P_Mucros_pep_XP_015682826.1
Genes.2,P_Mucros_pep_XP_015675073.1
Genes.2,H_sapiens_pep_ENSG00000177692.11
Genes.2,P_troglodytes_pep_ENSPTRG00000044482.1
Genes.2,C_familiaris_pep_ENSCAFG00000047350.1
Genes.2,N_naja_pep_Nana05729-RA
Genes.2,P_Mucros_pep_XP_015685713.1
Genes.2,P_Mucros_pep_XP_015685611.1
Genes.2,P_Mucros_pep_XP_015674192.1
Genes.2,P_Mucros_pep_XP_015683005.1
Genes.2,N_naja_pep_Nana10940-RB
Genes.2,N_naja_pep_Nana10940-RC
Genes.2,P_Mucros_pep_XP_015680308.1
Genes.2,P_Mucros_pep_XP_015680309.1
Genes.2,P_Mucros_pep_XP_015680310.1
Genes.2,P_Mucros_pep_XP_015680311.1
Genes.2,N_naja_pep_Nana02794-RA
Genes.2,P_Mucros_pep_XP_015666563.1
Genes.2,P_Mucros_pep_XP_015666556.1
Genes.2,P_Mucros_pep_XP_015666571.1
Genes.2,P_Mucros_pep_XP_015681399.1
Genes.2,P_Mucros_pep_XP_015681378.1
Genes.2,P_Mucros_pep_XP_015681392.1
Genes.2,H_sapiens_pep_ENSG00000176783.15
Genes.2,N_naja_pep_Nana08626-RG
Genes.2,N_naja_pep_Nana08626-RC
Genes.2,N_naja_pep_Nana08626-RD
Genes.2,P_Mucros_pep_XP_015674904.1
Genes.2,N_naja_pep_Nana02308-RA
Genes.2,P_Mucros_pep_XP_015676556.1
Genes.2,P_Mucros_pep_XP_015676558.1
Genes.2,P_Mucros_pep_XP_015676557.1
Genes.2,P_Mucros_pep_XP_015675661.1
Genes.2,P_Mucros_pep_XP_015675660.1
Genes.2,P_Mucros_pep_XP_015675659.1
Genes.2,P_Mucros_pep_XP_015675663.1
Genes.2,P_Mucros_pep_XP_015665444.1
Genes.2,P_Mucros_pep_XP_015665443.1
Genes.2,P_Mucros_pep_XP_015665442.1
Genes.2,N_naja_pep_Nana05991-RA
Genes.2,N_naja_pep_Nana05991-RC
Genes.2,P_Mucros_pep_XP_015675887.1
Genes.2,N_naja_pep_Nana05669-RC
Genes.2,N_naja_pep_Nana05669-RA
Genes.2,N_naja_pep_Nana04786-RA
Genes.2,P_Mucros_pep_XP_015673886.1
Genes.2,P_Mucros_pep_XP_015673885.1
Genes.2,P_troglodytes_pep_ENSPTRG00000015920.6
Genes.2,P_Mucros_pep_XP_015678981.1
Genes.2,P_Mucros_pep_XP_015678982.1
Genes.2,P_Mucros_pep_XP_015681751.1
Genes.2,P_Mucros_pep_XP_015681746.1
Genes.2,P_Mucros_pep_XP_015681749.1
Genes.2,P_Mucros_pep_XP_015681750.1
Genes.2,P_Mucros_pep_XP_029140361.1
Genes.2,P_Mucros_pep_XP_015673635.1
Genes.2,P_Mucros_pep_XP_015673633.1
Genes.2,N_naja_pep_Nana33671-RB
Genes.2,N_naja_pep_Nana33671-RD
Genes.2,H_sapiens_pep_ENSG00000284946.1
Genes.2,P_Mucros_pep_XP_015666328.1
Genes.2,N_naja_pep_Nana15792-RC
Genes.2,N_naja_pep_Nana15792-RB
Genes.2,P_troglodytes_pep_ENSPTRG00000050361.1
Genes.2,P_troglodytes_pep_ENSPTRG00000020954.3
Genes.2,P_Mucros_pep_XP_015668800.1
Genes.2,P_Mucros_pep_XP_015668801.1
Genes.2,P_Mucros_pep_XP_015668802.1
Genes.2,P_Mucros_pep_XP_015669331.1
Genes.2,P_troglodytes_pep_ENSPTRG00000048466.1
Genes.2,P_troglodytes_pep_ENSPTRG00000043609.1
Genes.2,N_naja_pep_Nana21435-RA
Genes.2,P_Mucros_pep_XP_015666118.1
Genes.2,P_troglodytes_pep_ENSPTRG00000019394.4
Genes.2,P_Mucros_pep_XP_029140701.1
Genes.2,P_Mucros_pep_XP_015675510.1
Genes.2,P_Mucros_pep_XP_015675512.1
Genes.2,C_familiaris_pep_ENSCAFG00000029162.2
Genes.2,P_Mucros_pep_XP_015687502.1
Genes.2,P_Mucros_pep_XP_015687503.1
Genes.2,P_Mucros_pep_XP_015684390.1
Genes.2,P_Mucros_pep_XP_015684405.1
Genes.2,P_Mucros_pep_XP_015684384.1
Genes.2,P_Mucros_pep_XP_015684414.1
Genes.2,P_Mucros_pep_XP_015667074.1
Genes.2,P_troglodytes_pep_ENSPTRG00000043847.1
Genes.2,P_troglodytes_pep_ENSPTRG00000019429.5
Genes.2,N_naja_pep_Nana14945-RA
Genes.2,P_Mucros_pep_XP_015687093.1
Genes.2,P_Mucros_pep_XP_015687092.1
Genes.2,P_Mucros_pep_XP_015684810.1
Genes.2,P_Mucros_pep_XP_015684795.1
Genes.2,N_naja_pep_Nana14913-RA
Genes.2,P_troglodytes_pep_ENSPTRG00000014348.6
Genes.2,M_musculus_pep_ENSMUSG00000006378.15
Genes.2,P_Mucros_pep_XP_015672754.1
Genes.2,N_naja_pep_Nana14633-RA
Genes.2,N_naja_pep_Nana14633-RC
Genes.2,P_Mucros_pep_XP_015671017.1
Genes.2,P_Mucros_pep_XP_015669209.1
Genes.2,P_Mucros_pep_XP_015669208.1
Genes.2,N_naja_pep_Nana20032-RB
Genes.2,P_Mucros_pep_XP_015666368.1
Genes.2,N_naja_pep_Nana14535-RA
Genes.2,N_naja_pep_Nana14535-RB
Genes.2,P_Mucros_pep_XP_015678701.1
Genes.2,P_Mucros_pep_XP_015678702.1
Genes.2,H_sapiens_pep_ENSG00000131061.14
Genes.2,N_naja_pep_Nana31517-RA
Genes.2,P_Mucros_pep_XP_015674438.1
Genes.2,C_familiaris_pep_ENSCAFG00000000736.4
Genes.2,C_familiaris_pep_ENSCAFG00000045021.1
Genes.2,P_Mucros_pep_XP_015677937.1
Genes.2,P_troglodytes_pep_ENSPTRG00000021036.5
Genes.2,P_Mucros_pep_XP_015669957.1
Genes.2,G_gallus_pep_ENSGALG00000033558.2
Genes.2,P_Mucros_pep_XP_015681200.1
Genes.2,P_Mucros_pep_XP_015681201.1
Genes.2,N_naja_pep_Nana03807-RA
Genes.2,P_Mucros_pep_XP_015673980.1
Genes.2,P_Mucros_pep_XP_015673979.1
Genes.2,N_naja_pep_Nana08952-RC
Genes.2,P_Mucros_pep_XP_015675292.1
Genes.2,P_Mucros_pep_XP_015675291.1
Genes.2,P_Mucros_pep_XP_015675294.1
Genes.2,H_sapiens_pep_ENSG00000226492.7
Genes.2,N_naja_pep_Nana06892-RB
Genes.2,P_Mucros_pep_XP_015686852.1
Genes.2,N_naja_pep_Nana05358-RB
Genes.2,P_Mucros_pep_XP_015669720.1
Genes.2,P_Mucros_pep_XP_015669721.1
Genes.2,P_Mucros_pep_XP_015669719.1
Genes.2,P_Mucros_pep_XP_015671288.1
Genes.2,P_Mucros_pep_XP_015671287.1
Genes.2,P_Mucros_pep_XP_015671285.1
Genes.2,N_naja_pep_Nana34714-RA
Genes.2,N_naja_pep_Nana27071-RB
Genes.2,P_Mucros_pep_XP_015668201.1
Genes.2,P_Mucros_pep_XP_015668214.1
Genes.2,P_Mucros_pep_XP_015668222.1
Genes.2,P_Mucros_pep_XP_015666318.1
Genes.2,P_Mucros_pep_XP_029138951.1
Genes.2,M_musculus_pep_ENSMUSG00000013878.18
Genes.2,P_Mucros_pep_XP_015679600.1
Genes.2,P_Mucros_pep_XP_015668526.1
Genes.2,C_familiaris_pep_ENSCAFG00000024644.4
Genes.2,P_Mucros_pep_XP_015670045.1
Genes.2,P_Mucros_pep_XP_029140642.1
Genes.2,P_Mucros_pep_XP_015675136.1
Genes.2,P_Mucros_pep_XP_015673882.1
Genes.2,P_Mucros_pep_XP_015673884.1
Genes.2,P_Mucros_pep_XP_015665859.1
Genes.2,P_troglodytes_pep_ENSPTRG00000009575.5
Genes.2,P_Mucros_pep_XP_015666816.1
Genes.2,P_Mucros_pep_XP_015666819.1
Genes.2,P_Mucros_pep_XP_015676635.1
Genes.2,H_sapiens_pep_ENSG00000197006.14
Genes.2,N_naja_pep_Nana19913-RB
Genes.2,P_Mucros_pep_XP_015669277.1
Genes.2,P_Mucros_pep_XP_015670004.1
Genes.2,N_naja_pep_Nana18289-RA
Genes.2,P_Mucros_pep_XP_015679663.1
Genes.2,P_troglodytes_pep_ENSPTRG00000009872.6
Genes.2,N_naja_pep_Nana00684-RB
Genes.2,N_naja_pep_Nana00684-RA
Genes.2,P_Mucros_pep_XP_015670309.1
Genes.2,N_naja_pep_Nana32596-RB
Genes.2,N_naja_pep_Nana32596-RA
Genes.2,P_Mucros_pep_XP_015667684.1
Genes.2,N_naja_pep_Nana30996-RB
Genes.2,P_Mucros_pep_XP_015674122.1
Genes.2,N_naja_pep_Nana15050-RB
Genes.2,N_naja_pep_Nana29825-RB
Genes.2,P_Mucros_pep_XP_015667134.1
Genes.2,P_Mucros_pep_XP_015667570.1
Genes.2,C_familiaris_pep_ENSCAFG00000007405.1
Genes.2,P_Mucros_pep_XP_015672516.1
Genes.2,N_naja_pep_Nana25117-RB
Genes.2,P_troglodytes_pep_ENSPTRG00000005723.6
Genes.2,P_Mucros_pep_XP_015670030.1
Genes.2,N_naja_pep_Nana05083-RA
Genes.2,G_gallus_pep_ENSGALG00000029316.2
Genes.2,P_Mucros_pep_XP_015674209.1
Genes.2,P_Mucros_pep_XP_015673272.1
Genes.2,N_naja_pep_Nana14126-RA
Genes.2,P_Mucros_pep_XP_015672471.1
Genes.2,P_Mucros_pep_XP_015672470.1
Genes.2,H_sapiens_pep_ENSG00000278243.2
Genes.2,P_Mucros_pep_XP_015682460.1
Genes.2,P_Mucros_pep_XP_015685117.1
Genes.2,H_sapiens_pep_ENSG00000274296.3
Genes.2,P_Mucros_pep_XP_015674672.1
Genes.2,P_Mucros_pep_XP_015675992.1
Genes.2,P_Mucros_pep_XP_015675993.1
Genes.2,P_Mucros_pep_XP_015675991.1
Genes.2,H_sapiens_pep_ENSG00000288368.1
Genes.2,P_Mucros_pep_XP_015687385.1
Genes.2,N_naja_pep_Nana09939-RA
Genes.2,N_naja_pep_Nana09939-RB
Genes.2,N_naja_pep_Nana14985-RA
Genes.2,P_Mucros_pep_XP_015679411.1
Genes.2,P_Mucros_pep_XP_015679440.1
Genes.2,M_musculus_pep_ENSMUSG00000035560.5
Genes.2,P_Mucros_pep_XP_015679539.2
Genes.2,P_Mucros_pep_XP_015687500.1
Genes.2,P_troglodytes_pep_ENSPTRG00000048037.1
Genes.2,N_naja_pep_Nana15404-RB
Genes.2,P_Mucros_pep_XP_015684433.1
Genes.2,H_sapiens_pep_ENSG00000114790.13
Genes.2,P_Mucros_pep_XP_015668503.1
Genes.2,P_Mucros_pep_XP_015669080.1
Genes.2,P_Mucros_pep_XP_015669081.1
Genes.2,P_Mucros_pep_XP_015686962.1
Genes.2,P_Mucros_pep_XP_015686960.1
Genes.2,P_Mucros_pep_XP_015671743.1
Genes.2,H_sapiens_pep_ENSG00000175193.13
Genes.2,P_Mucros_pep_XP_015673587.1
Genes.2,P_Mucros_pep_XP_015673588.1
Genes.2,P_Mucros_pep_XP_015676324.1
Genes.2,P_Mucros_pep_XP_015676317.1
Genes.2,N_naja_pep_Nana29510-RA
Genes.2,P_Mucros_pep_XP_015679034.1
Genes.2,N_naja_pep_Nana29305-RC
Genes.2,P_Mucros_pep_XP_015670664.1
Genes.2,P_Mucros_pep_XP_015670661.1
Genes.2,N_naja_pep_Nana10795-RB
Genes.2,P_Mucros_pep_XP_015669436.1
Genes.2,P_Mucros_pep_XP_015676117.1
Genes.2,P_Mucros_pep_XP_015676115.1
Genes.2,N_naja_pep_Nana11578-RB
Genes.2,P_troglodytes_pep_ENSPTRG00000006961.6
Genes.2,P_Mucros_pep_XP_015671417.1
Genes.2,N_naja_pep_Nana05031-RA
Genes.2,P_troglodytes_pep_ENSPTRG00000004935.6
Genes.2,P_Mucros_pep_XP_015687338.1
Genes.2,P_Mucros_pep_XP_015675427.1
Genes.2,N_naja_pep_Nana10063-RB
Genes.2,H_sapiens_pep_ENSG00000144785.8
Genes.2,P_Mucros_pep_XP_015678404.1
Genes.2,H_sapiens_pep_ENSG00000110619.17
Genes.2,P_Mucros_pep_XP_015677556.1
Genes.2,P_Mucros_pep_XP_015676760.1
Genes.2,N_naja_pep_Nana09653-RB
Genes.2,N_naja_pep_Nana09525-RB
Genes.2,P_Mucros_pep_XP_015670528.1
Genes.2,P_Mucros_pep_XP_015670065.1
Genes.2,P_Mucros_pep_XP_015670062.1
Genes.2,N_naja_pep_Nana02835-RA
Genes.2,P_Mucros_pep_XP_015667764.1
Genes.2,P_Mucros_pep_XP_015671892.1
Genes.2,P_Mucros_pep_XP_015671893.1
Genes.2,P_Mucros_pep_XP_015677950.1
Genes.2,P_troglodytes_pep_ENSPTRG00000019593.5
Genes.2,N_naja_pep_Nana02981-RA
Genes.2,P_Mucros_pep_XP_015667831.1
Genes.2,P_Mucros_pep_XP_029139600.1
Genes.2,P_Mucros_pep_XP_015669635.1
Genes.2,P_Mucros_pep_XP_015676602.1
Genes.2,P_Mucros_pep_XP_015680108.1
Genes.2,P_Mucros_pep_XP_015680115.1
Genes.2,P_Mucros_pep_XP_015681410.1
Genes.2,P_Mucros_pep_XP_015681409.1
Genes.2,P_Mucros_pep_XP_015670793.1
Genes.2,N_naja_pep_Nana01851-RB
Genes.2,M_musculus_pep_ENSMUSG00000069899.3
Genes.2,P_Mucros_pep_XP_015673824.1
Genes.2,N_naja_pep_Nana08392-RD
Genes.2,P_Mucros_pep_XP_015671690.1
Genes.2,P_troglodytes_pep_ENSPTRG00000048285.1
Genes.2,P_Mucros_pep_XP_015679570.1
Genes.2,P_Mucros_pep_XP_015679569.1
Genes.2,P_troglodytes_pep_ENSPTRG00000050561.1
Genes.2,P_Mucros_pep_XP_015671277.1
Genes.2,P_Mucros_pep_XP_015671276.1
Genes.2,P_troglodytes_pep_ENSPTRG00000050604.1
Genes.2,P_Mucros_pep_XP_015667175.1
Genes.2,P_Mucros_pep_XP_015666085.1
Genes.2,N_naja_pep_Nana21893-RB
Genes.2,P_troglodytes_pep_ENSPTRG00000000568.4
Genes.2,P_Mucros_pep_XP_015667165.1
Genes.2,P_Mucros_pep_XP_015675914.1
Genes.2,P_Mucros_pep_XP_015670413.1
Genes.2,P_Mucros_pep_XP_015670770.1
Genes.2,P_Mucros_pep_XP_015670768.1
Genes.2,P_Mucros_pep_XP_015670769.1
Genes.2,P_Mucros_pep_XP_015681797.1
Genes.2,P_Mucros_pep_XP_015682111.1
Genes.2,P_Mucros_pep_XP_015682370.1
Genes.2,P_Mucros_pep_XP_015676632.1
Genes.2,P_Mucros_pep_XP_015669958.1
Genes.2,P_Mucros_pep_XP_015687578.1
Genes.2,P_Mucros_pep_XP_015680877.1
Genes.2,P_Mucros_pep_XP_015680454.1
Genes.2,P_Mucros_pep_XP_015680447.1
Genes.2,N_naja_pep_Nana11095-RB
Genes.2,P_Mucros_pep_XP_015669497.1
Genes.2,P_Mucros_pep_XP_015668596.1
Genes.2,P_Mucros_pep_XP_015686096.1
Genes.2,P_Mucros_pep_XP_015687077.1
Genes.2,M_musculus_pep_ENSMUSG00000004610.4
Genes.2,P_Mucros_pep_XP_015678612.1
Genes.2,N_naja_pep_Nana16545-RA
Genes.2,P_Mucros_pep_XP_015666186.1
Genes.2,P_troglodytes_pep_ENSPTRG00000049669.1
Genes.2,P_Mucros_pep_XP_015688030.1
Genes.2,P_Mucros_pep_XP_015670016.1
Genes.2,N_naja_pep_Nana05069-RA
Genes.2,P_Mucros_pep_XP_015674293.1
Genes.2,P_Mucros_pep_XP_015687496.1
Genes.2,P_Mucros_pep_XP_015668302.1
Genes.2,P_Mucros_pep_XP_015687516.1
Genes.2,P_Mucros_pep_XP_015677359.1
Genes.2,P_Mucros_pep_XP_015675729.1
Genes.2,P_Mucros_pep_XP_015675732.1
Genes.2,P_Mucros_pep_XP_015676802.1
Genes.2,P_Mucros_pep_XP_015670559.1
Genes.2,N_naja_pep_Nana27308-RB
Genes.2,P_troglodytes_pep_ENSPTRG00000047963.1
Genes.2,P_Mucros_pep_XP_015679056.1
Genes.2,P_Mucros_pep_XP_015666360.1
Genes.2,P_Mucros_pep_XP_015671744.1
Genes.2,P_Mucros_pep_XP_015668122.1
Genes.2,P_Mucros_pep_XP_015675251.1
Genes.2,P_Mucros_pep_XP_015677603.1
Genes.2,P_Mucros_pep_XP_015673540.1
Genes.2,P_Mucros_pep_XP_015687834.1
Genes.2,P_Mucros_pep_XP_029140303.1
Genes.2,P_Mucros_pep_XP_015670156.1
Genes.2,P_Mucros_pep_XP_015686677.1
Genes.2,P_Mucros_pep_XP_015679014.1
Genes.2,P_Mucros_pep_XP_015679006.1
Genes.2,P_Mucros_pep_XP_015670386.1
Genes.2,P_Mucros_pep_XP_015670374.1
Genes.2,P_Mucros_pep_XP_015676294.1
Genes.2,P_Mucros_pep_XP_015681374.1
Genes.2,N_naja_pep_Nana10216-RB
Genes.2,P_Mucros_pep_XP_015676052.1
Genes.2,N_naja_pep_Nana10209-RB
Genes.2,P_Mucros_pep_XP_015683131.1
Genes.2,P_Mucros_pep_XP_015668106.1
Genes.2,P_Mucros_pep_XP_015687335.1
Genes.2,P_Mucros_pep_XP_015674158.1
Genes.2,N_naja_pep_Nana08608-RB
Genes.2,P_Mucros_pep_XP_015672851.1
Genes.2,P_Mucros_pep_XP_015679525.1
Genes.2,P_Mucros_pep_XP_015676710.1
Genes.2,P_Mucros_pep_XP_015668138.1
Genes.2,P_Mucros_pep_XP_015672198.1
Genes.2,P_Mucros_pep_XP_015671123.1
Genes.2,P_Mucros_pep_XP_015687408.1
Genes.2,P_Mucros_pep_XP_015676439.1
Genes.2,P_Mucros_pep_XP_015667617.1
Genes.2,P_Mucros_pep_XP_015672906.1
Genes.2,N_naja_pep_Nana15395-RA
Genes.2,P_Mucros_pep_XP_015674681.1
Genes.2,P_Mucros_pep_XP_015674689.1
Genes.2,P_Mucros_pep_XP_015674697.1
Genes.2,P_Mucros_pep_XP_015678485.1
Genes.2,P_Mucros_pep_XP_015678484.1
Genes.2,P_Mucros_pep_XP_015678482.1
Genes.2,P_Mucros_pep_XP_015675024.1
Genes.2,P_Mucros_pep_XP_015674954.1
Genes.2,H_sapiens_pep_ENSG00000285098.2
Genes.2,P_Mucros_pep_XP_015673820.1
Genes.2,P_Mucros_pep_XP_015666576.1
Genes.2,P_Mucros_pep_XP_015666089.1
Genes.2,P_Mucros_pep_XP_015687717.1
Genes.2,P_Mucros_pep_XP_015665678.1
Genes.2,P_Mucros_pep_XP_015683476.1
Genes.2,P_Mucros_pep_XP_015667992.1
Genes.2,P_Mucros_pep_XP_015668560.1
Genes.2,P_Mucros_pep_XP_015676017.1
Genes.2,P_Mucros_pep_XP_015678042.1
Genes.2,P_Mucros_pep_XP_015672848.1
Genes.2,P_Mucros_pep_XP_015668423.1
Genes.2,P_Mucros_pep_XP_015680843.1
Genes.2,P_Mucros_pep_XP_015680844.1
Genes.2,N_naja_pep_Nana06259-RB
Genes.2,P_Mucros_pep_XP_015665502.1
Genes.2,P_Mucros_pep_XP_015672081.1
Genes.2,N_naja_pep_Nana30289-RA
Genes.2,P_Mucros_pep_XP_015676478.1
Genes.2,P_Mucros_pep_XP_015681843.1
X.20, A_carolinensis_pep_ENSACAG00000015344.3
X.20, N_naja_pep_Nana32194-RC
X.20, C_familiaris_pep_ENSCAFG00000012408.5
X.20, P_Mucros_pep_XP_015665901.1
X.20, P_Mucros_pep_XP_015683349.1
X.20, N_naja_pep_Nana25813-RA
X.20, P_Mucros_pep_XP_015683341.1
X.20, C_familiaris_pep_ENSCAFG00000023066.2
X.20, M_musculus_pep_ENSMUSG00000002233.13
X.20, P_Mucros_pep_XP_015680859.1
X.20, P_Mucros_pep_XP_029140247.1
X.20, G_gallus_pep_ENSGALG00000014726.6
X.20, A_carolinensis_pep_ENSACAG00000028717.1
X.20, P_troglodytes_pep_ENSPTRG00000010497.4
X.20, P_troglodytes_pep_ENSPTRG00000002631.6
X.20, P_Mucros_pep_XP_015683833.1
X.20, P_troglodytes_pep_ENSPTRG00000020059.6
X.20, N_naja_pep_Nana28247-RB
X.20, C_familiaris_pep_ENSCAFG00000000087.4
X.20, N_naja_pep_Nana23150-RA
X.20, P_Mucros_pep_XP_015671803.1
X.20, P_troglodytes_pep_ENSPTRG00000044788.1
X.20, P_troglodytes_pep_ENSPTRG00000011758.6
X.20, N_naja_pep_Nana26170-RC
X.20, G_gallus_pep_ENSGALG00000044258.2
X.20, H_sapiens_pep_ENSG00000256977.12
X.20, H_sapiens_pep_ENSG00000284337.1
X.20, H_sapiens_pep_ENSG00000197959.14
X.20, M_musculus_pep_ENSMUSG00000024188.16
X.20, P_Mucros_pep_XP_015669006.1
X.20, N_naja_pep_Nana33979-RF
X.20, M_musculus_pep_ENSMUSG00000003872.9
X.20, H_sapiens_pep_ENSG00000111052.7
X.20, P_troglodytes_pep_ENSPTRG00000043213.1
X.20, N_naja_pep_Nana01393-RC
X.20, P_Mucros_pep_XP_015673435.1
X.20, G_gallus_pep_ENSGALG00000007215.6
X.20, P_troglodytes_pep_ENSPTRG00000043055.1
X.20, P_troglodytes_pep_ENSPTRG00000042890.1
X.20, P_troglodytes_pep_ENSPTRG00000051137.1
X.20, H_sapiens_pep_ENSG00000130821.16
X.20, N_naja_pep_Nana27858-RA
X.20, N_naja_pep_Nana04583-RA
X.20, P_Mucros_pep_XP_015675536.1
X.20, P_Mucros_pep_XP_015666711.1
X.20, P_Mucros_pep_XP_015687726.1
X.20, A_carolinensis_pep_ENSACAG00000015751.3
X.20, H_sapiens_pep_ENSG00000137944.18
X.20, P_Mucros_pep_XP_015683057.1
X.20, M_musculus_pep_ENSMUSG00000052151.12
X.20, N_naja_pep_Nana13556-RA
X.20, C_familiaris_pep_ENSCAFG00000019693.5
X.20, N_naja_pep_Nana06106-RA
X.20, N_naja_pep_Nana16704-RA
X.20, C_familiaris_pep_ENSCAFG00000003953.5
X.20, P_troglodytes_pep_ENSPTRG00000045063.1
X.20, P_Mucros_pep_XP_015667710.1
X.20, N_naja_pep_Nana31573-RE
X.20, N_naja_pep_Nana31573-RB
X.20, H_sapiens_pep_ENSG00000168283.14
X.20, P_Mucros_pep_XP_015667047.1
X.20, N_naja_pep_Nana21551-RB
X.20, P_troglodytes_pep_ENSPTRG00000001815.6
X.20, X_tropicalis_pep_ENSXETG00000004496.1
X.20, N_naja_pep_Nana19241-RC
X.20, N_naja_pep_Nana32106-RC
X.20, N_naja_pep_Nana32106-RA
X.20, M_musculus_pep_ENSMUSG00000116318.1
X.20, P_Mucros_pep_XP_015666650.1
X.20, P_Mucros_pep_XP_029139010.1
X.20, N_naja_pep_Nana28032-RA
X.20, P_troglodytes_pep_ENSPTRG00000017558.4
X.20, P_Mucros_pep_XP_015673112.1
X.20, P_Mucros_pep_XP_015673109.1
X.20, P_Mucros_pep_XP_015673111.1
X.20, P_Mucros_pep_XP_015673110.1
X.20, X_tropicalis_pep_ENSXETG00000013925.1
X.20, X_tropicalis_pep_ENSXETG00000016589.1
X.20, M_musculus_pep_ENSMUSG00000083695.6
X.20, N_naja_pep_Nana16255-RC
X.20, P_Mucros_pep_XP_015677419.2
X.20, P_Mucros_pep_XP_029140658.1
X.20, P_Mucros_pep_XP_015666804.1
X.20, P_Mucros_pep_XP_015666802.1
X.20, G_gallus_pep_ENSGALG00000014509.6
X.20, C_familiaris_pep_ENSCAFG00000010621.5
X.20, N_naja_pep_Nana03695-RG
X.20, N_naja_pep_Nana03695-RF
X.20, P_Mucros_pep_XP_015675192.1
X.20, P_Mucros_pep_XP_015675189.1
X.20, N_naja_pep_Nana04049-RB
X.20, N_naja_pep_Nana04049-RI
X.20, N_naja_pep_Nana04049-RF
X.20, C_familiaris_pep_ENSCAFG00000013194.5
X.20, P_Mucros_pep_XP_015670425.1
X.20, N_naja_pep_Nana19932-RB
X.20, A_carolinensis_pep_ENSACAG00000029182.1
X.20, P_Mucros_pep_XP_015669304.1
X.20, P_troglodytes_pep_ENSPTRG00000048495.1
X.20, P_troglodytes_pep_ENSPTRG00000049435.1
X.20, P_Mucros_pep_XP_015675358.1
X.20, N_naja_pep_Nana07918-RA
X.20, P_Mucros_pep_XP_029140691.1
X.20, P_Mucros_pep_XP_029140690.1
X.20, P_Mucros_pep_XP_029140689.1
X.20, N_naja_pep_Nana16406-RC
X.20, P_Mucros_pep_XP_015676941.1
X.20, X_tropicalis_pep_ENSXETG00000008447.1
X.20, P_Mucros_pep_XP_029140474.1
X.20, A_carolinensis_pep_ENSACAG00000027261.2
X.20, P_Mucros_pep_XP_015673483.1
X.20, N_naja_pep_Nana10940-RA
X.20, N_naja_pep_Nana10940-RC
X.20, P_Mucros_pep_XP_015680311.1
X.20, P_Mucros_pep_XP_015666548.1
X.20, P_Mucros_pep_XP_015666571.1
X.20, P_Mucros_pep_XP_015681392.1
X.20, N_naja_pep_Nana08626-RD
X.20, P_Mucros_pep_XP_015676557.1
X.20, P_Mucros_pep_XP_015675660.1
X.20, P_Mucros_pep_XP_015675659.1
X.20, P_Mucros_pep_XP_015675663.1
X.20, P_Mucros_pep_XP_015665442.1
X.20, N_naja_pep_Nana05991-RC
X.20, P_Mucros_pep_XP_015673885.1
X.20, P_Mucros_pep_XP_015681750.1
X.20, P_Mucros_pep_XP_015673633.1
X.20, H_sapiens_pep_ENSG00000141437.9
X.20, H_sapiens_pep_ENSG00000122696.14
X.20, P_Mucros_pep_XP_015668802.1
X.20, P_Mucros_pep_XP_015675510.1
X.20, P_Mucros_pep_XP_015675512.1
X.20, P_Mucros_pep_XP_015687503.1
X.20, P_Mucros_pep_XP_015684405.1
X.20, P_Mucros_pep_XP_015684384.1
X.20, P_Mucros_pep_XP_015684414.1
X.20, P_troglodytes_pep_ENSPTRG00000019429.5
X.20, P_Mucros_pep_XP_015687092.1
X.20, P_Mucros_pep_XP_015684795.1
X.20, P_troglodytes_pep_ENSPTRG00000013406.7
X.20, P_Mucros_pep_XP_015681201.1
X.20, P_Mucros_pep_XP_015675294.1
X.20, P_Mucros_pep_XP_015669719.1
X.20, P_Mucros_pep_XP_015668214.1
X.20, P_Mucros_pep_XP_015668222.1
X.20, N_naja_pep_Nana03219-RA
X.20, P_Mucros_pep_XP_015673884.1
X.20, P_troglodytes_pep_ENSPTRG00000023056.5
X.20, N_naja_pep_Nana32596-RA
X.20, P_Mucros_pep_XP_015675991.1
X.20, N_naja_pep_Nana09939-RB
X.20, N_naja_pep_Nana14979-RA
X.20, P_Mucros_pep_XP_015673588.1
X.20, P_Mucros_pep_XP_015670661.1
X.20, P_Mucros_pep_XP_015667773.1
X.20, P_Mucros_pep_XP_015671893.1
X.20, P_Mucros_pep_XP_015680115.1
X.20, P_Mucros_pep_XP_015681409.1
X.20, C_familiaris_pep_ENSCAFG00000049228.1
X.20, P_Mucros_pep_XP_015679569.1
X.20, P_Mucros_pep_XP_015670769.1
X.20, P_Mucros_pep_XP_015674689.1
X.20, P_Mucros_pep_XP_015674697.1
X.20, P_Mucros_pep_XP_015678482.1
X.21, G_gallus_pep_ENSGALG00000011473.6
X.21, N_naja_pep_Nana32194-RA
X.21, M_musculus_pep_ENSMUSG00000003644.17
X.21, N_naja_pep_Nana23253-RA
X.21, P_Mucros_pep_XP_015683341.1
X.21, X_tropicalis_pep_ENSXETG00000011177.1
X.21, H_sapiens_pep_ENSG00000067560.12
X.21, C_familiaris_pep_ENSCAFG00000047569.1
X.21, C_familiaris_pep_ENSCAFG00000007008.5
X.21, G_gallus_pep_ENSGALG00000010567.6
X.21, H_sapiens_pep_ENSG00000105514.8
X.21, C_familiaris_pep_ENSCAFG00000014818.5
X.21, H_sapiens_pep_ENSG00000120910.14
X.21, N_naja_pep_Nana28247-RD
X.21, H_sapiens_pep_ENSG00000111540.16
X.21, N_naja_pep_Nana23150-RB
X.21, P_troglodytes_pep_ENSPTRG00000043106.1
X.21, H_sapiens_pep_ENSG00000163793.13
X.21, N_naja_pep_Nana26170-RB
X.21, P_troglodytes_pep_ENSPTRG00000012329.6
X.21, P_troglodytes_pep_ENSPTRG00000001684.6
X.21, H_sapiens_pep_ENSG00000007392.16
X.21, H_sapiens_pep_ENSG00000104863.12
X.21, P_troglodytes_pep_ENSPTRG00000005262.5
X.21, C_familiaris_pep_ENSCAFG00000001938.5
X.21, N_naja_pep_Nana01393-RB
X.21, A_carolinensis_pep_ENSACAG00000007071.3
X.21, P_troglodytes_pep_ENSPTRG00000042890.1
X.21, P_troglodytes_pep_ENSPTRG00000050829.1
X.21, G_gallus_pep_ENSGALG00000032868.2
X.21, N_naja_pep_Nana04583-RB
X.21, N_naja_pep_Nana21460-RA
X.21, N_naja_pep_Nana05285-RA
X.21, C_familiaris_pep_ENSCAFG00000020207.4
X.21, H_sapiens_pep_ENSG00000141934.10
X.21, A_carolinensis_pep_ENSACAG00000016298.3
X.21, H_sapiens_pep_ENSG00000011304.20
X.21, A_carolinensis_pep_ENSACAG00000008759.3
X.21, C_familiaris_pep_ENSCAFG00000007296.3
X.21, A_carolinensis_pep_ENSACAG00000012614.3
X.21, N_naja_pep_Nana31573-RB
X.21, H_sapiens_pep_ENSG00000151414.15
X.21, N_naja_pep_Nana32106-RA
X.21, P_Mucros_pep_XP_029139010.1
X.21, P_Mucros_pep_XP_015673109.1
X.21, P_Mucros_pep_XP_015673111.1
X.21, P_Mucros_pep_XP_015673110.1
X.21, P_Mucros_pep_XP_015681640.1
X.21, P_troglodytes_pep_ENSPTRG00000015929.4
X.21, P_troglodytes_pep_ENSPTRG00000013958.4
X.21, N_naja_pep_Nana03695-RE
X.21, P_Mucros_pep_XP_015675189.1
X.21, P_Mucros_pep_XP_015675190.1
X.21, N_naja_pep_Nana04049-RI
X.21, N_naja_pep_Nana04049-RF
X.21, H_sapiens_pep_ENSG00000177383.5
X.21, N_naja_pep_Nana19932-RA
X.21, G_gallus_pep_ENSGALG00000040167.2
X.21, P_Mucros_pep_XP_029140690.1
X.21, P_Mucros_pep_XP_029140689.1
X.21, N_naja_pep_Nana10940-RB
X.21, P_Mucros_pep_XP_015666556.1
X.21, N_naja_pep_Nana08626-RC
X.21, P_Mucros_pep_XP_015675659.1
X.21, P_Mucros_pep_XP_015675663.1
X.21, P_Mucros_pep_XP_015681749.1
X.21, P_Mucros_pep_XP_015673635.1
X.21, P_troglodytes_pep_ENSPTRG00000020954.3
X.21, P_Mucros_pep_XP_015668801.1
X.21, P_Mucros_pep_XP_015675512.1
X.21, P_Mucros_pep_XP_015684384.1
X.21, P_Mucros_pep_XP_015684414.1
X.21, P_Mucros_pep_XP_015675291.1
X.21, P_Mucros_pep_XP_015668222.1
X.21, A_carolinensis_pep_ENSACAG00000009612.3
X.21, P_Mucros_pep_XP_029141497.1
X.21, P_Mucros_pep_XP_015667764.1
X.21, M_musculus_pep_ENSMUSG00000042682.9
X.21, P_Mucros_pep_XP_015670768.1
X.21, P_Mucros_pep_XP_015674697.1
X.22, P_Mucros_pep_XP_015673847.1
X.22, N_naja_pep_Nana32194-RB
X.22, P_troglodytes_pep_ENSPTRG00000000387.6
X.22, N_naja_pep_Nana23253-RB
X.22, A_carolinensis_pep_ENSACAG00000007063.3
X.22, N_naja_pep_Nana03410-RA
X.22, M_musculus_pep_ENSMUSG00000007815.13
X.22, C_familiaris_pep_ENSCAFG00000013413.4
X.22, H_sapiens_pep_ENSG00000152932.8
X.22, X_tropicalis_pep_ENSXETG00000001595.1
X.22, C_familiaris_pep_ENSCAFG00000017438.5
X.22, M_musculus_pep_ENSMUSG00000021816.11
X.22, C_familiaris_pep_ENSCAFG00000009390.5
X.22, P_troglodytes_pep_ENSPTRG00000005071.5
X.22, A_carolinensis_pep_ENSACAG00000017960.2
X.22, H_sapiens_pep_ENSG00000101152.11
X.22, M_musculus_pep_ENSMUSG00000053856.7
X.22, N_naja_pep_Nana26170-RA
X.22, C_familiaris_pep_ENSCAFG00000014805.5
X.22, P_troglodytes_pep_ENSPTRG00000007533.5
X.22, P_troglodytes_pep_ENSPTRG00000011278.5
X.22, X_tropicalis_pep_ENSXETG00000018813.1
X.22, M_musculus_pep_ENSMUSG00000023951.17
X.22, N_naja_pep_Nana21350-RA
X.22, H_sapiens_pep_ENSG00000130821.16
X.22, X_tropicalis_pep_ENSXETG00000018258.1
X.22, P_Mucros_pep_XP_015675535.1
X.22, A_carolinensis_pep_ENSACAG00000028482.1
X.22, P_Mucros_pep_XP_015680778.1
X.22, M_musculus_pep_ENSMUSG00000040213.13
X.22, P_troglodytes_pep_ENSPTRG00000010141.5
X.22, G_gallus_pep_ENSGALG00000007636.7
X.22, P_troglodytes_pep_ENSPTRG00000010165.6
X.22, P_Mucros_pep_XP_015687354.1
X.22, C_familiaris_pep_ENSCAFG00000011330.4
X.22, P_Mucros_pep_XP_029139009.1
X.22, P_Mucros_pep_XP_015673111.1
X.22, P_Mucros_pep_XP_015673110.1
X.22, A_carolinensis_pep_ENSACAG00000008739.3
X.22, H_sapiens_pep_ENSG00000109743.11
X.22, H_sapiens_pep_ENSG00000160208.13
X.22, N_naja_pep_Nana03695-RF
X.22, P_Mucros_pep_XP_015675190.1
X.22, N_naja_pep_Nana04049-RF
X.22, P_troglodytes_pep_ENSPTRG00000015697.3
X.22, N_naja_pep_Nana14310-RA
X.22, P_Mucros_pep_XP_029140689.1
X.22, N_naja_pep_Nana10940-RC
X.22, P_Mucros_pep_XP_015666563.1
X.22, P_Mucros_pep_XP_015675663.1
X.22, H_sapiens_pep_ENSG00000122696.14
X.22, P_Mucros_pep_XP_015684414.1
X.23, N_naja_pep_Nana01675-RA
X.23, A_carolinensis_pep_ENSACAG00000014143.3
X.23, H_sapiens_pep_ENSG00000117676.14
X.23, M_musculus_pep_ENSMUSG00000038967.13
X.23, H_sapiens_pep_ENSG00000067992.15
X.23, N_naja_pep_Nana03410-RB
X.23, P_Mucros_pep_XP_015680999.1
X.23, G_gallus_pep_ENSGALG00000001569.6
X.23, P_troglodytes_pep_ENSPTRG00000016898.6
X.23, P_troglodytes_pep_ENSPTRG00000000732.4
X.23, M_musculus_pep_ENSMUSG00000019066.13
X.23, H_sapiens_pep_ENSG00000107758.15
X.23, M_musculus_pep_ENSMUSG00000022092.11
X.23, A_carolinensis_pep_ENSACAG00000005380.3
X.23, G_gallus_pep_ENSGALG00000003359.5
X.23, M_musculus_pep_ENSMUSG00000000826.16
X.23, G_gallus_pep_ENSGALG00000034137.2
X.23, P_Mucros_pep_XP_015675311.1
X.23, A_carolinensis_pep_ENSACAG00000007003.3
X.23, C_familiaris_pep_ENSCAFG00000019689.4
X.23, X_tropicalis_pep_ENSXETG00000005262.1
X.23, N_naja_pep_Nana26997-RA
X.23, G_gallus_pep_ENSGALG00000010290.6
X.23, P_Mucros_pep_XP_015667512.1
X.23, H_sapiens_pep_ENSG00000158467.16
X.23, P_Mucros_pep_XP_015675534.1
X.23, G_gallus_pep_ENSGALG00000019662.5
X.23, P_Mucros_pep_XP_015680779.1
X.23, X_tropicalis_pep_ENSXETG00000020631.1
X.23, C_familiaris_pep_ENSCAFG00000019734.4
X.23, M_musculus_pep_ENSMUSG00000027513.11
X.23, M_musculus_pep_ENSMUSG00000006498.16
X.23, M_musculus_pep_ENSMUSG00000022286.16
X.23, A_carolinensis_pep_ENSACAG00000014482.2
X.23, N_naja_pep_Nana28032-RB
X.23, P_Mucros_pep_XP_015673110.1
X.23, P_troglodytes_pep_ENSPTRG00000010033.6
X.23, C_familiaris_pep_ENSCAFG00000015312.4
X.23, N_naja_pep_Nana03695-RC
X.23, N_naja_pep_Nana04049-RG
X.23, G_gallus_pep_ENSGALG00000050235.1
X.23, P_Mucros_pep_XP_015666571.1
X.24, N_naja_pep_Nana01675-RB
X.24, P_Mucros_pep_XP_029141621.1
X.24, H_sapiens_pep_ENSG00000281877.3
X.24, C_familiaris_pep_ENSCAFG00000016967.4
X.24, C_familiaris_pep_ENSCAFG00000013476.4
X.24, P_Mucros_pep_XP_015676018.1
X.24, P_Mucros_pep_XP_015680930.1
X.24, A_carolinensis_pep_ENSACAG00000017941.3
X.24, M_musculus_pep_ENSMUSG00000021700.10
X.24, H_sapiens_pep_ENSG00000169213.7
X.24, A_carolinensis_pep_ENSACAG00000016810.2
X.24, A_carolinensis_pep_ENSACAG00000010008.3
X.24, G_gallus_pep_ENSGALG00000041413.2
X.24, P_Mucros_pep_XP_015671801.1
X.24, P_troglodytes_pep_ENSPTRG00000009194.4
X.24, P_Mucros_pep_XP_015678114.1
X.24, X_tropicalis_pep_ENSXETG00000003716.1
X.24, P_Mucros_pep_XP_015675312.1
X.24, X_tropicalis_pep_ENSXETG00000014296.1
X.24, N_naja_pep_Nana33979-RE
X.24, A_carolinensis_pep_ENSACAG00000013247.3
X.24, P_Mucros_pep_XP_015667533.1
X.24, A_carolinensis_pep_ENSACAG00000001612.3
X.24, P_Mucros_pep_XP_015667511.1
X.24, P_troglodytes_pep_ENSPTRG00000051713.1
X.24, P_Mucros_pep_XP_015675536.1
X.24, M_musculus_pep_ENSMUSG00000054099.11
X.24, G_gallus_pep_ENSGALG00000010150.6
X.24, G_gallus_pep_ENSGALG00000006188.7
X.24, X_tropicalis_pep_ENSXETG00000009530.1
X.24, P_troglodytes_pep_ENSPTRG00000013664.4
X.24, G_gallus_pep_ENSGALG00000001962.7
X.24, H_sapiens_pep_ENSG00000083307.12
X.24, N_naja_pep_Nana14995-RA
X.24, N_naja_pep_Nana28032-RC
X.24, M_musculus_pep_ENSMUSG00000024513.16
X.24, M_musculus_pep_ENSMUSG00000029082.17
X.24, N_naja_pep_Nana03695-RA
X.25, C_familiaris_pep_ENSCAFG00000000828.4
X.25, X_tropicalis_pep_ENSXETG00000009967.1
X.25, G_gallus_pep_ENSGALG00000037136.2
X.25, P_troglodytes_pep_ENSPTRG00000009388.4
X.25, P_troglodytes_pep_ENSPTRG00000021750.6
X.25, A_carolinensis_pep_ENSACAG00000015877.3
X.25, P_Mucros_pep_XP_015680859.1
X.25, P_Mucros_pep_XP_015682140.1
X.25, X_tropicalis_pep_ENSXETG00000020228.1
X.25, M_musculus_pep_ENSMUSG00000003411.10
X.25, P_Mucros_pep_XP_015668788.1
X.25, X_tropicalis_pep_ENSXETG00000020699.1
X.25, A_carolinensis_pep_ENSACAG00000010782.3
X.25, P_Mucros_pep_XP_015671802.1
X.25, H_sapiens_pep_ENSG00000108774.14
X.25, G_gallus_pep_ENSGALG00000035378.2
X.25, N_naja_pep_Nana00675-RA
X.25, P_troglodytes_pep_ENSPTRG00000012342.6
X.25, N_naja_pep_Nana10942-RA
X.25, N_naja_pep_Nana33979-RD
X.25, P_Mucros_pep_XP_015665631.1
X.25, A_carolinensis_pep_ENSACAG00000014452.3
X.25, N_naja_pep_Nana01393-RA
X.25, H_sapiens_pep_ENSG00000170759.11
X.25, C_familiaris_pep_ENSCAFG00000001524.4
X.25, G_gallus_pep_ENSGALG00000005353.6
X.25, C_familiaris_pep_ENSCAFG00000001841.4
X.25, C_familiaris_pep_ENSCAFG00000013826.5
X.25, A_carolinensis_pep_ENSACAG00000001299.3
X.25, N_naja_pep_Nana06354-RA
X.25, H_sapiens_pep_ENSG00000124253.11
X.25, N_naja_pep_Nana06106-RC
X.25, P_troglodytes_pep_ENSPTRG00000020479.5
X.25, P_Mucros_pep_XP_015671605.1
X.25, N_naja_pep_Nana28032-RA
X.25, H_sapiens_pep_ENSG00000134046.12
X.26, P_troglodytes_pep_ENSPTRG00000018793.6
X.26, M_musculus_pep_ENSMUSG00000025665.16
X.26, P_Mucros_pep_XP_029140470.1
X.26, H_sapiens_pep_ENSG00000005882.12
X.26, M_musculus_pep_ENSMUSG00000035232.8
X.26, G_gallus_pep_ENSGALG00000013235.5
X.26, A_carolinensis_pep_ENSACAG00000008297.3
X.26, P_Mucros_pep_XP_015682141.1
X.26, P_Mucros_pep_XP_015666407.1
X.26, C_familiaris_pep_ENSCAFG00000003790.4
X.26, P_Mucros_pep_XP_015668787.1
X.26, X_tropicalis_pep_ENSXETG00000003011.1
X.26, P_Mucros_pep_XP_015673469.1
X.26, P_Mucros_pep_XP_015671803.1
X.26, C_familiaris_pep_ENSCAFG00000015629.3
X.26, A_carolinensis_pep_ENSACAG00000006841.3
X.26, P_Mucros_pep_XP_015670302.1
X.26, H_sapiens_pep_ENSG00000169756.16
X.26, G_gallus_pep_ENSGALG00000003164.6
X.26, N_naja_pep_Nana33979-RC
X.26, N_naja_pep_Nana23323-RA
X.26, N_naja_pep_Nana01393-RD
X.26, P_troglodytes_pep_ENSPTRG00000002408.4
X.26, P_troglodytes_pep_ENSPTRG00000019681.5
X.26, P_troglodytes_pep_ENSPTRG00000024190.5
X.26, H_sapiens_pep_ENSG00000075303.13
X.26, H_sapiens_pep_ENSG00000100934.15
X.26, P_Mucros_pep_XP_015683055.1
X.26, G_gallus_pep_ENSGALG00000026834.3
X.26, C_familiaris_pep_ENSCAFG00000012065.4
X.26, N_naja_pep_Nana06106-RD
X.26, C_familiaris_pep_ENSCAFG00000000587.5
X.26, G_gallus_pep_ENSGALG00000002216.6
X.27, H_sapiens_pep_ENSG00000071242.12
X.27, M_musculus_pep_ENSMUSG00000116203.1
X.27, N_naja_pep_Nana30115-RA
X.27, G_gallus_pep_ENSGALG00000045846.2
X.27, G_gallus_pep_ENSGALG00000016323.5
X.27, C_familiaris_pep_ENSCAFG00000013060.5
X.27, N_naja_pep_Nana08636-RA
X.27, N_naja_pep_Nana14009-RA
X.27, A_carolinensis_pep_ENSACAG00000028717.1
X.27, X_tropicalis_pep_ENSXETG00000010363.1
X.27, N_naja_pep_Nana10898-RA
X.27, P_troglodytes_pep_ENSPTRG00000020059.6
X.27, N_naja_pep_Nana28247-RA
X.27, G_gallus_pep_ENSGALG00000042482.3
X.27, M_musculus_pep_ENSMUSG00000019173.11
X.27, C_familiaris_pep_ENSCAFG00000013084.6
X.27, P_Mucros_pep_XP_029139764.1
X.27, H_sapiens_pep_ENSG00000257207.5
X.27, P_Mucros_pep_XP_015684534.1
X.27, N_naja_pep_Nana33979-RA
X.27, M_musculus_pep_ENSMUSG00000019906.15
X.27, N_naja_pep_Nana01393-RC
X.27, C_familiaris_pep_ENSCAFG00000004076.4
X.27, M_musculus_pep_ENSMUSG00000029772.17
X.27, H_sapiens_pep_ENSG00000197601.13
X.27, P_troglodytes_pep_ENSPTRG00000019371.5
X.27, P_troglodytes_pep_ENSPTRG00000006290.4
X.27, P_Mucros_pep_XP_015683056.1
X.27, A_carolinensis_pep_ENSACAG00000008865.3
X.27, X_tropicalis_pep_ENSXETG00000003207.1
X.27, N_naja_pep_Nana06106-RB
X.27, X_tropicalis_pep_ENSXETG00000009378.1
X.28, X_tropicalis_pep_ENSXETG00000010463.1
X.28, C_familiaris_pep_ENSCAFG00000017373.4
X.28, P_Mucros_pep_XP_015683353.1
X.28, X_tropicalis_pep_ENSXETG00000011285.1
X.28, P_troglodytes_pep_ENSPTRG00000012642.6
X.28, G_gallus_pep_ENSGALG00000003806.7
X.28, X_tropicalis_pep_ENSXETG00000018919.1
X.28, G_gallus_pep_ENSGALG00000010567.6
X.28, P_troglodytes_pep_ENSPTRG00000010497.4
X.28, H_sapiens_pep_ENSG00000120910.14
X.28, N_naja_pep_Nana28247-RC
X.28, X_tropicalis_pep_ENSXETG00000017660.1
X.28, C_familiaris_pep_ENSCAFG00000032365.2
X.28, P_Mucros_pep_XP_015670301.1
X.28, H_sapiens_pep_ENSG00000284337.1
X.28, N_naja_pep_Nana36542-RA
X.28, N_naja_pep_Nana33979-RF
X.28, H_sapiens_pep_ENSG00000111052.7
X.28, N_naja_pep_Nana01393-RB
X.28, M_musculus_pep_ENSMUSG00000006740.14
X.28, A_carolinensis_pep_ENSACAG00000014330.3
X.28, M_musculus_pep_ENSMUSG00000030759.16
X.28, P_troglodytes_pep_ENSPTRG00000050572.1
X.28, M_musculus_pep_ENSMUSG00000020986.13
X.28, P_Mucros_pep_XP_015683057.1
X.28, P_Mucros_pep_XP_015680125.1
X.28, N_naja_pep_Nana06106-RA
X.29, X_tropicalis_pep_ENSXETG00000013406.1
X.29, H_sapiens_pep_ENSG00000072133.11
X.29, P_Mucros_pep_XP_015683349.1
X.29, C_familiaris_pep_ENSCAFG00000006315.4
X.29, H_sapiens_pep_ENSG00000152256.13
X.29, P_Mucros_pep_XP_029140248.1
X.29, X_tropicalis_pep_ENSXETG00000001595.1
X.29, H_sapiens_pep_ENSG00000105514.8
X.29, C_familiaris_pep_ENSCAFG00000009390.5
X.29, N_naja_pep_Nana28247-RE
X.29, P_Mucros_pep_XP_015671804.1
X.29, P_troglodytes_pep_ENSPTRG00000011758.6
X.29, H_sapiens_pep_ENSG00000256671.6
X.29, X_tropicalis_pep_ENSXETG00000017779.1
X.29, P_Mucros_pep_XP_015674733.1
X.29, P_troglodytes_pep_ENSPTRG00000005262.5
X.29, P_Mucros_pep_XP_015673452.1
X.29, P_troglodytes_pep_ENSPTRG00000052110.1
X.29, C_familiaris_pep_ENSCAFG00000008245.4
X.29, N_naja_pep_Nana14843-RB
X.29, P_Mucros_pep_XP_015665487.1
X.30, C_familiaris_pep_ENSCAFG00000012408.5
X.30, P_troglodytes_pep_ENSPTRG00000022064.4
X.30, P_Mucros_pep_XP_015683341.1
X.30, N_naja_pep_Nana25813-RA
X.30, M_musculus_pep_ENSMUSG00000006494.11
X.30, P_Mucros_pep_XP_015672812.1
X.30, P_troglodytes_pep_ENSPTRG00000000732.4
X.30, C_familiaris_pep_ENSCAFG00000017438.5
X.30, M_musculus_pep_ENSMUSG00000022092.11
X.30, N_naja_pep_Nana28247-RB
X.30, X_tropicalis_pep_ENSXETG00000002474.1
X.30, H_sapiens_pep_ENSG00000163793.13
X.30, H_sapiens_pep_ENSG00000256977.12
X.30, C_familiaris_pep_ENSCAFG00000020082.4
X.30, A_carolinensis_pep_ENSACAG00000001606.3
X.30, X_tropicalis_pep_ENSXETG00000018813.1
X.30, P_Mucros_pep_XP_015673445.1
X.30, N_naja_pep_Nana14843-RA
X.31, M_musculus_pep_ENSMUSG00000003644.17
X.31, A_carolinensis_pep_ENSACAG00000007063.3
X.31, X_tropicalis_pep_ENSXETG00000011177.1
X.31, P_Mucros_pep_XP_029140247.1
X.31, H_sapiens_pep_ENSG00000169213.7
X.31, M_musculus_pep_ENSMUSG00000019066.13
X.31, G_gallus_pep_ENSGALG00000041413.2
X.31, N_naja_pep_Nana28247-RD
X.31, P_Mucros_pep_XP_015665944.1
X.31, M_musculus_pep_ENSMUSG00000053856.7
X.31, P_troglodytes_pep_ENSPTRG00000012329.6
X.31, H_sapiens_pep_ENSG00000106976.20
X.31, G_gallus_pep_ENSGALG00000037983.2
X.31, N_naja_pep_Nana26997-RA
X.31, P_Mucros_pep_XP_015673435.1
X.32, P_troglodytes_pep_ENSPTRG00000000387.6
X.32, H_sapiens_pep_ENSG00000067992.15
X.32, N_naja_pep_Nana03410-RA
X.32, X_tropicalis_pep_ENSXETG00000015187.1
X.32, M_musculus_pep_ENSMUSG00000003411.10
X.32, A_carolinensis_pep_ENSACAG00000016810.2
X.32, A_carolinensis_pep_ENSACAG00000010782.3
X.32, N_naja_pep_Nana23150-RA
X.32, G_gallus_pep_ENSGALG00000034137.2
X.32, M_musculus_pep_ENSMUSG00000019920.18
X.32, M_musculus_pep_ENSMUSG00000026825.17
X.32, P_Mucros_pep_XP_015667533.1
X.33, H_sapiens_pep_ENSG00000117676.14
X.33, C_familiaris_pep_ENSCAFG00000013476.4
X.33, N_naja_pep_Nana03410-RB
X.33, X_tropicalis_pep_ENSXETG00000017358.1
X.33, C_familiaris_pep_ENSCAFG00000003790.4
X.33, P_Mucros_pep_XP_015668788.1
X.33, P_Mucros_pep_XP_015673469.1
X.33, N_naja_pep_Nana23150-RB
X.33, X_tropicalis_pep_ENSXETG00000003716.1
X.33, G_gallus_pep_ENSGALG00000004852.6
X.33, A_carolinensis_pep_ENSACAG00000014452.3
X.34, H_sapiens_pep_ENSG00000281877.3
X.34, P_troglodytes_pep_ENSPTRG00000021750.6
X.34, P_Mucros_pep_XP_015676018.1
X.34, X_tropicalis_pep_ENSXETG00000010363.1
X.34, P_Mucros_pep_XP_015668787.1
X.34, N_naja_pep_Nana28247-RA
X.34, A_carolinensis_pep_ENSACAG00000017960.2
X.34, N_naja_pep_Nana00675-RA
X.34, P_Mucros_pep_XP_015682506.1
X.35, G_gallus_pep_ENSGALG00000037136.2
X.35, M_musculus_pep_ENSMUSG00000035232.8
X.35, A_carolinensis_pep_ENSACAG00000015877.3
X.35, P_troglodytes_pep_ENSPTRG00000010497.4
X.35, N_naja_pep_Nana10898-RA
X.35, N_naja_pep_Nana28247-RC
X.35, G_gallus_pep_ENSGALG00000003359.5
X.35, P_Mucros_pep_XP_015670302.1
X.35, P_troglodytes_pep_ENSPTRG00000051673.1
X.36, P_Mucros_pep_XP_029140470.1
X.36, G_gallus_pep_ENSGALG00000016323.5
X.36, G_gallus_pep_ENSGALG00000013235.5
X.36, H_sapiens_pep_ENSG00000105514.8
X.36, N_naja_pep_Nana28247-RE
X.36, P_troglodytes_pep_ENSPTRG00000009194.4
X.36, P_Mucros_pep_XP_029139764.1
X.36, P_troglodytes_pep_ENSPTRG00000021418.6
X.37, N_naja_pep_Nana30115-RA
X.37, X_tropicalis_pep_ENSXETG00000011285.1
X.37, C_familiaris_pep_ENSCAFG00000013060.5
X.37, C_familiaris_pep_ENSCAFG00000017438.5
X.37, N_naja_pep_Nana28247-RB
X.37, H_sapiens_pep_ENSG00000108774.14
X.37, P_Mucros_pep_XP_015670301.1
X.38, G_gallus_pep_ENSGALG00000007097.6
X.38, C_familiaris_pep_ENSCAFG00000006315.4
X.38, P_troglodytes_pep_ENSPTRG00000012642.6
X.38, M_musculus_pep_ENSMUSG00000019066.13
X.38, N_naja_pep_Nana28247-RD
X.38, C_familiaris_pep_ENSCAFG00000015629.3
X.39, N_naja_pep_Nana32194-RC
X.39, N_naja_pep_Nana25813-RA
X.39, H_sapiens_pep_ENSG00000152256.13
X.39, A_carolinensis_pep_ENSACAG00000016810.2
X.39, M_musculus_pep_ENSMUSG00000019173.11
X.40, N_naja_pep_Nana32194-RA
X.40, X_tropicalis_pep_ENSXETG00000011177.1
X.40, M_musculus_pep_ENSMUSG00000006494.11
X.40, P_Mucros_pep_XP_015668788.1
X.41, N_naja_pep_Nana32194-RB
X.41, N_naja_pep_Nana03410-RA
X.41, P_Mucros_pep_XP_015668787.1
X.42, A_carolinensis_pep_ENSACAG00000014143.3
X.42, N_naja_pep_Nana03410-RB
X.42, N_naja_pep_Nana10898-RA
X.43, P_Mucros_pep_XP_029141621.1
X.43, P_Mucros_pep_XP_015676018.1
X.44, X_tropicalis_pep_ENSXETG00000009967.1
X.44, A_carolinensis_pep_ENSACAG00000015877.3
X.45, M_musculus_pep_ENSMUSG00000025665.16
X.45, G_gallus_pep_ENSGALG00000013235.5
X.46, M_musculus_pep_ENSMUSG00000116203.1
X.46, C_familiaris_pep_ENSCAFG00000013060.5
X.47, C_familiaris_pep_ENSCAFG00000017373.4
X.47, P_troglodytes_pep_ENSPTRG00000012642.6
X.48, H_sapiens_pep_ENSG00000072133.11
X.48, H_sapiens_pep_ENSG00000152256.13
X.49, P_troglodytes_pep_ENSPTRG00000022064.4
X.49, M_musculus_pep_ENSMUSG00000006494.11